date,aube_stars,vlt_stars,npm_stars,pnpm_stars,yarn_stars,berry_stars,bun_stars,deno_stars
2025-01-01,0,283,8401,29718,41515,7366,89334,106528
2025-01-02,0,283,8403,29725,41515,7366,89334,106528
2025-01-03,0,283,8408,29740,41515,7368,89334,106528
2025-01-04,0,284,8410,29745,41515,7369,89334,106528
2025-01-05,0,284,8411,29752,41515,7372,89334,106528
2025-01-06,0,285,8412,29762,41515,7372,89334,106528
2025-01-07,0,286,8416,29805,41515,7374,89334,106528
2025-01-08,0,287,8421,29856,41515,7377,89334,106528
2025-01-09,0,287,8424,29880,41515,7378,89334,106528
2025-01-10,0,290,8425,29906,41515,7380,89334,106528
2025-01-11,0,293,8426,29915,41515,7382,89334,106528
2025-01-12,0,295,8428,29925,41515,7384,89334,106528
2025-01-13,0,301,8430,29941,41515,7385,89334,106528
2025-01-14,0,302,8432,29954,41515,7387,89334,106528
2025-01-15,0,303,8433,29964,41515,7389,89334,106528
2025-01-16,0,304,8435,29986,41515,7392,89334,106528
2025-01-17,0,305,8439,29996,41515,7392,89334,106528
2025-01-18,0,305,8439,30005,41515,7395,89334,106528
2025-01-19,0,306,8441,30021,41515,7397,89334,106528
2025-01-20,0,307,8446,30036,41515,7398,89334,106528
2025-01-21,0,308,8449,30048,41515,7403,89334,106528
2025-01-22,0,310,8452,30061,41515,7405,89334,106528
2025-01-23,0,311,8453,30078,41515,7408,89334,106528
2025-01-24,0,311,8454,30086,41515,7408,89334,106528
2025-01-25,0,311,8455,30094,41515,7412,89334,106528
2025-01-26,0,311,8455,30102,41515,7413,89334,106528
2025-01-27,0,313,8455,30113,41515,7414,89334,106528
2025-01-28,0,314,8456,30118,41515,7416,89334,106528
2025-01-29,0,314,8467,30131,41515,7417,89334,106528
2025-01-30,0,314,8471,30139,41515,7417,89334,106528
2025-01-31,0,314,8474,30142,41515,7419,89334,106528
2025-02-01,0,317,8476,30149,41515,7422,89334,106528
2025-02-02,0,321,8477,30156,41515,7424,89334,106528
2025-02-03,0,322,8478,30169,41515,7427,89334,106528
2025-02-04,0,324,8479,30187,41515,7430,89334,106528
2025-02-05,0,325,8480,30195,41515,7431,89334,106528
2025-02-06,0,325,8482,30207,41515,7433,89334,106528
2025-02-07,0,325,8487,30218,41515,7436,89334,106528
2025-02-08,0,326,8490,30228,41515,7437,89334,106528
2025-02-09,0,327,8494,30240,41515,7440,89334,106528
2025-02-10,0,327,8498,30250,41515,7440,89334,106528
2025-02-11,0,327,8501,30255,41515,7440,89334,106528
2025-02-12,0,327,8504,30263,41515,7441,89334,106528
2025-02-13,0,327,8507,30279,41515,7444,89334,106528
2025-02-14,0,328,8508,30290,41515,7445,89334,106528
2025-02-15,0,328,8509,30297,41515,7446,89334,106528
2025-02-16,0,328,8512,30304,41515,7447,89334,106528
2025-02-17,0,328,8514,30313,41515,7453,89334,106528
2025-02-18,0,328,8516,30328,41515,7457,89334,106528
2025-02-19,0,328,8518,30336,41515,7458,89334,106528
2025-02-20,0,330,8518,30343,41515,7462,89334,106528
2025-02-21,0,331,8521,30352,41515,7462,89334,106528
2025-02-22,0,331,8522,30361,41515,7462,89334,106528
2025-02-23,0,332,8523,30367,41515,7463,89334,106528
2025-02-24,0,332,8523,30378,41515,7465,89334,106528
2025-02-25,0,332,8526,30387,41515,7466,89334,106528
2025-02-26,0,333,8527,30396,41515,7469,89334,106528
2025-02-27,0,336,8533,30406,41515,7473,89334,106528
2025-02-28,0,336,8534,30415,41515,7476,89334,106528
2025-03-01,0,337,8536,30423,41515,7479,89334,106528
2025-03-02,0,337,8537,30432,41515,7480,89334,106528
2025-03-03,0,337,8538,30442,41515,7481,89334,106528
2025-03-04,0,337,8541,30458,41515,7484,89334,106528
2025-03-05,0,337,8542,30467,41515,7484,89334,106528
2025-03-06,0,338,8549,30475,41515,7485,89334,106528
2025-03-07,0,340,8556,30484,41515,7488,89334,106528
2025-03-08,0,341,8566,30497,41515,7493,89334,106528
2025-03-09,0,341,8568,30505,41515,7493,89334,106528
2025-03-10,0,343,8570,30520,41515,7495,89334,106528
2025-03-11,0,343,8571,30534,41515,7499,89334,106528
2025-03-12,0,343,8575,30544,41515,7501,89334,106528
2025-03-13,0,346,8578,30562,41515,7503,89334,106528
2025-03-14,0,346,8578,30572,41515,7504,89334,106528
2025-03-15,0,347,8580,30579,41515,7505,89334,106528
2025-03-16,0,347,8582,30591,41515,7505,89334,106528
2025-03-17,0,347,8586,30600,41515,7507,89334,106528
2025-03-18,0,347,8590,30618,41515,7508,89334,106528
2025-03-19,0,348,8593,30635,41515,7509,89334,106528
2025-03-20,0,351,8594,30643,41515,7511,89334,106528
2025-03-21,0,351,8595,30652,41515,7515,89334,106528
2025-03-22,0,351,8596,30656,41515,7517,89334,106528
2025-03-23,0,352,8598,30664,41515,7521,89334,106528
2025-03-24,0,353,8598,30676,41515,7522,89334,106528
2025-03-25,0,353,8598,30686,41515,7523,89334,106528
2025-03-26,0,353,8603,30698,41515,7524,89334,106528
2025-03-27,0,353,8604,30709,41515,7525,89334,106528
2025-03-28,0,353,8606,30717,41515,7527,89334,106528
2025-03-29,0,353,8607,30725,41515,7527,89334,106528
2025-03-30,0,353,8607,30731,41515,7529,89334,106528
2025-03-31,0,353,8607,30741,41515,7531,89334,106528
2025-04-01,0,353,8608,30755,41515,7533,89334,106528
2025-04-02,0,353,8616,30764,41515,7533,89334,106528
2025-04-03,0,353,8621,30781,41515,7534,89334,106528
2025-04-04,0,353,8627,30785,41515,7537,89334,106528
2025-04-05,0,353,8628,30796,41515,7538,89334,106528
2025-04-06,0,353,8629,30806,41515,7540,89334,106528
2025-04-07,0,353,8629,30821,41515,7542,89334,106528
2025-04-08,0,354,8630,30833,41515,7543,89334,106528
2025-04-09,0,355,8632,30850,41515,7545,89334,106528
2025-04-10,0,356,8636,30864,41515,7548,89334,106528
2025-04-11,0,356,8639,30874,41515,7553,89334,106528
2025-04-12,0,357,8640,30881,41515,7553,89334,106528
2025-04-13,0,357,8642,30891,41515,7553,89334,106528
2025-04-14,0,357,8645,30899,41515,7556,89334,106528
2025-04-15,0,359,8650,30912,41515,7559,89334,106528
2025-04-16,0,359,8654,30927,41515,7559,89334,106528
2025-04-17,0,359,8657,30942,41515,7559,89334,106528
2025-04-18,0,360,8658,30951,41515,7560,89334,106528
2025-04-19,0,360,8661,30957,41515,7561,89334,106528
2025-04-20,0,360,8665,30968,41515,7564,89334,106528
2025-04-21,0,361,8666,30979,41515,7565,89334,106528
2025-04-22,0,362,8666,30995,41515,7568,89334,106528
2025-04-23,0,362,8669,31005,41515,7569,89334,106528
2025-04-24,0,362,8669,31015,41515,7570,89334,106528
2025-04-25,0,363,8669,31024,41515,7570,89334,106528
2025-04-26,0,363,8671,31033,41515,7570,89334,106528
2025-04-27,0,363,8675,31039,41515,7572,89334,106528
2025-04-28,0,363,8676,31043,41515,7574,89334,106528
2025-04-29,0,363,8678,31057,41515,7576,89334,106528
2025-04-30,0,365,8682,31069,41515,7578,89334,106528
2025-05-01,0,365,8685,31081,41515,7582,89334,106528
2025-05-02,0,366,8690,31089,41515,7583,89334,106528
2025-05-03,0,366,8691,31098,41515,7585,89334,106528
2025-05-04,0,366,8692,31108,41515,7587,89334,106528
2025-05-05,0,366,8692,31116,41515,7587,89334,106528
2025-05-06,0,366,8695,31120,41515,7587,89334,106528
2025-05-07,0,366,8698,31136,41515,7589,89334,106528
2025-05-08,0,368,8704,31144,41515,7591,89334,106528
2025-05-09,0,368,8708,31159,41515,7593,89334,106528
2025-05-10,0,368,8709,31170,41515,7593,89334,106528
2025-05-11,0,369,8710,31175,41515,7594,89334,106528
2025-05-12,0,370,8714,31182,41515,7596,89334,106528
2025-05-13,0,371,8715,31194,41515,7598,89334,106528
2025-05-14,0,371,8719,31201,41515,7600,89334,106528
2025-05-15,0,373,8722,31208,41515,7602,89334,106528
2025-05-16,0,374,8725,31223,41515,7605,89334,106528
2025-05-17,0,374,8727,31229,41515,7605,89334,106528
2025-05-18,0,374,8727,31237,41515,7605,89334,106528
2025-05-19,0,374,8729,31248,41515,7606,89334,106528
2025-05-20,0,374,8729,31257,41515,7610,89334,106528
2025-05-21,0,374,8730,31263,41515,7614,89334,106528
2025-05-22,0,374,8734,31269,41515,7615,89334,106528
2025-05-23,0,374,8735,31274,41515,7615,89334,106528
2025-05-24,0,374,8736,31280,41515,7616,89334,106528
2025-05-25,0,374,8737,31286,41515,7617,89334,106528
2025-05-26,0,374,8741,31303,41515,7619,89334,106528
2025-05-27,0,374,8742,31311,41515,7622,89334,106528
2025-05-28,0,376,8744,31320,41515,7623,89334,106528
2025-05-29,0,379,8747,31328,41515,7626,89334,106528
2025-05-30,0,381,8750,31335,41515,7628,89334,106528
2025-05-31,0,381,8750,31342,41515,7628,89334,106528
2025-06-01,0,381,8751,31353,41515,7628,89334,106528
2025-06-02,0,381,8756,31364,41515,7628,89334,106528
2025-06-03,0,381,8757,31380,41515,7629,89334,106528
2025-06-04,0,382,8758,31394,41515,7631,89334,106528
2025-06-05,0,384,8759,31406,41515,7635,89334,106528
2025-06-06,0,385,8763,31415,41515,7635,89334,106528
2025-06-07,0,385,8764,31422,41515,7636,89334,106528
2025-06-08,0,386,8765,31433,41515,7637,89334,106528
2025-06-09,0,386,8768,31448,41515,7638,89334,106528
2025-06-10,0,386,8769,31458,41515,7640,89334,106528
2025-06-11,0,386,8770,31469,41515,7644,89334,106528
2025-06-12,0,389,8771,31478,41515,7647,89334,106528
2025-06-13,0,390,8773,31487,41515,7647,89334,106528
2025-06-14,0,390,8774,31498,41515,7647,89334,106528
2025-06-15,0,391,8777,31503,41515,7648,89334,106528
2025-06-16,0,392,8778,31512,41515,7649,89334,106528
2025-06-17,0,393,8780,31524,41515,7650,89334,106528
2025-06-18,0,394,8782,31532,41515,7655,89334,106528
2025-06-19,0,394,8784,31541,41515,7658,89334,106528
2025-06-20,0,395,8785,31549,41515,7660,89334,106528
2025-06-21,0,395,8787,31557,41515,7660,89334,106528
2025-06-22,0,395,8792,31560,41515,7660,89334,106528
2025-06-23,0,395,8794,31567,41515,7663,89334,106528
2025-06-24,0,395,8797,31571,41515,7663,89334,106528
2025-06-25,0,397,8798,31576,41515,7664,89334,106528
2025-06-26,0,397,8800,31589,41515,7666,89334,106528
2025-06-27,0,399,8803,31595,41515,7667,89334,106528
2025-06-28,0,399,8807,31604,41515,7667,89334,106528
2025-06-29,0,399,8809,31609,41515,7667,89334,106528
2025-06-30,0,399,8810,31618,41515,7669,89334,106528
2025-07-01,0,399,8812,31628,41515,7669,89334,106528
2025-07-02,0,399,8817,31635,41515,7670,89334,106528
2025-07-03,0,400,8821,31647,41515,7670,89334,106528
2025-07-04,0,400,8821,31661,41515,7672,89334,106528
2025-07-05,0,400,8822,31670,41515,7673,89334,106528
2025-07-06,0,400,8825,31677,41515,7673,89334,106528
2025-07-07,0,400,8827,31690,41515,7674,89334,106528
2025-07-08,0,400,8832,31700,41515,7677,89334,106528
2025-07-09,0,400,8832,31710,41515,7679,89334,106528
2025-07-10,0,400,8836,31724,41515,7682,89334,106528
2025-07-11,0,400,8837,31730,41515,7682,89334,106528
2025-07-12,0,400,8841,31739,41515,7682,89334,106528
2025-07-13,0,401,8842,31745,41515,7682,89334,106528
2025-07-14,0,402,8845,31758,41515,7684,89334,106528
2025-07-15,0,402,8850,31766,41515,7685,89334,106528
2025-07-16,0,402,8851,31772,41515,7687,89334,106528
2025-07-17,0,402,8856,31778,41515,7689,89334,106528
2025-07-18,0,403,8858,31785,41515,7690,89334,106528
2025-07-19,0,403,8864,31800,41515,7691,89334,106528
2025-07-20,0,403,8867,31804,41515,7691,89334,106528
2025-07-21,0,403,8868,31814,41515,7692,89334,106528
2025-07-22,0,403,8868,31823,41515,7692,89334,106528
2025-07-23,0,403,8871,31835,41515,7693,89334,106528
2025-07-24,0,403,8872,31844,41515,7693,89334,106528
2025-07-25,0,404,8874,31853,41515,7695,89334,106528
2025-07-26,0,404,8875,31864,41515,7699,89334,106528
2025-07-27,0,404,8876,31868,41515,7699,89334,106528
2025-07-28,0,404,8878,31877,41515,7699,89334,106528
2025-07-29,0,405,8878,31887,41515,7703,89334,106528
2025-07-30,0,405,8880,31893,41515,7705,89334,106528
2025-07-31,0,405,8882,31901,41515,7707,89334,106528
2025-08-01,0,405,8886,31908,41515,7708,89334,106528
2025-08-02,0,405,8889,31917,41515,7709,89334,106528
2025-08-03,0,405,8891,31924,41515,7710,89334,106528
2025-08-04,0,405,8893,31939,41515,7714,89334,106528
2025-08-05,0,406,8894,31951,41515,7716,89334,106528
2025-08-06,0,406,8900,31965,41515,7720,89334,106528
2025-08-07,0,406,8904,31977,41515,7721,89334,106528
2025-08-08,0,406,8911,31986,41515,7721,89334,106528
2025-08-09,0,406,8912,31990,41515,7724,89334,106528
2025-08-10,0,406,8913,31997,41515,7725,89334,106528
2025-08-11,0,406,8919,32009,41515,7727,89334,106528
2025-08-12,0,406,8920,32017,41515,7729,89334,106528
2025-08-13,0,406,8923,32027,41515,7731,89334,106528
2025-08-14,0,406,8928,32037,41515,7732,89334,106528
2025-08-15,0,407,8930,32049,41515,7733,89334,106528
2025-08-16,0,408,8930,32052,41515,7734,89334,106528
2025-08-17,0,409,8931,32064,41515,7735,89334,106528
2025-08-18,0,409,8933,32075,41515,7737,89334,106528
2025-08-19,0,409,8935,32086,41515,7738,89334,106528
2025-08-20,0,410,8938,32101,41515,7738,89334,106528
2025-08-21,0,413,8939,32111,41515,7740,89334,106528
2025-08-22,0,414,8942,32131,41515,7741,89334,106528
2025-08-23,0,414,8943,32135,41515,7743,89334,106528
2025-08-24,0,415,8946,32140,41515,7744,89334,106528
2025-08-25,0,416,8951,32147,41515,7745,89334,106528
2025-08-26,0,417,8953,32160,41515,7746,89334,106528
2025-08-27,0,417,8954,32170,41515,7750,89334,106528
2025-08-28,0,417,8954,32180,41515,7750,89334,106528
2025-08-29,0,417,8956,32191,41515,7752,89334,106528
2025-08-30,0,417,8958,32200,41515,7753,89334,106528
2025-08-31,0,417,8962,32208,41515,7756,89334,106528
2025-09-01,0,417,8965,32216,41515,7758,89334,106528
2025-09-02,0,418,8968,32222,41515,7759,89334,106528
2025-09-03,0,418,8971,32223,41515,7762,89334,106528
2025-09-04,0,418,8975,32238,41515,7762,89334,106528
2025-09-05,0,418,8978,32249,41515,7765,89334,106528
2025-09-06,0,418,8980,32254,41515,7766,89334,106528
2025-09-07,0,419,8980,32263,41515,7766,89334,106528
2025-09-08,0,419,8983,32273,41515,7768,89334,106528
2025-09-09,0,419,8989,32285,41515,7768,89334,106528
2025-09-10,0,419,8989,32297,41515,7769,89334,106528
2025-09-11,0,419,8995,32306,41515,7769,89334,106528
2025-09-12,0,419,8997,32313,41515,7769,89334,106528
2025-09-13,0,419,9000,32322,41515,7769,89334,106528
2025-09-14,0,419,9000,32331,41515,7770,89334,106528
2025-09-15,0,419,9005,32346,41515,7772,89334,106528
2025-09-16,0,420,9007,32362,41515,7775,89334,106528
2025-09-17,0,420,9011,32385,41515,7780,89334,106528
2025-09-18,0,420,9015,32413,41515,7782,89334,106528
2025-09-19,0,420,9017,32424,41515,7784,89334,106528
2025-09-20,0,420,9021,32437,41515,7785,89334,106528
2025-09-21,0,420,9022,32442,41515,7785,89334,106528
2025-09-22,0,421,9023,32450,41515,7786,89334,106528
2025-09-23,0,422,9028,32461,41515,7790,89334,106528
2025-09-24,0,422,9030,32469,41515,7792,89334,106528
2025-09-25,0,422,9031,32476,41515,7795,89334,106528
2025-09-26,0,423,9031,32483,41515,7798,89334,106528
2025-09-27,0,423,9034,32494,41515,7798,89334,106528
2025-09-28,0,423,9037,32500,41515,7800,89334,106528
2025-09-29,0,424,9041,32513,41515,7805,89334,106528
2025-09-30,0,424,9044,32528,41515,7807,89334,106528
2025-10-01,0,424,9054,32536,41515,7808,89334,106528
2025-10-02,0,426,9064,32545,41515,7808,89334,106528
2025-10-03,0,427,9066,32556,41515,7809,89334,106528
2025-10-04,0,427,9067,32569,41515,7811,89334,106528
2025-10-05,0,428,9070,32573,41515,7812,89334,106528
2025-10-06,0,428,9072,32580,41515,7812,89334,106528
2025-10-07,0,429,9075,32590,41515,7813,89334,106528
2025-10-08,0,429,9080,32602,41515,7814,89334,106528
2025-10-09,0,429,9086,32611,41515,7815,89334,106528
2025-10-10,0,430,9094,32621,41515,7816,89334,106528
2025-10-11,0,430,9098,32631,41515,7818,89334,106528
2025-10-12,0,430,9100,32635,41515,7818,89334,106528
2025-10-13,0,430,9104,32649,41515,7818,89334,106528
2025-10-14,0,430,9106,32659,41515,7818,89334,106528
2025-10-15,0,431,9109,32671,41515,7821,89334,106528
2025-10-16,0,433,9114,32678,41515,7822,89334,106528
2025-10-17,0,433,9117,32689,41515,7823,89334,106528
2025-10-18,0,433,9120,32699,41515,7824,89334,106528
2025-10-19,0,433,9123,32707,41515,7824,89334,106528
2025-10-20,0,436,9126,32719,41515,7825,89334,106528
2025-10-21,0,437,9127,32733,41515,7826,89334,106528
2025-10-22,0,438,9130,32741,41515,7828,89334,106528
2025-10-23,0,439,9132,32747,41515,7829,89334,106528
2025-10-24,0,440,9136,32759,41515,7830,89334,106528
2025-10-25,0,440,9140,32770,41515,7830,89334,106528
2025-10-26,0,440,9141,32787,41515,7830,89334,106528
2025-10-27,0,441,9145,32797,41515,7831,89334,106528
2025-10-28,0,441,9148,32805,41515,7833,89334,106528
2025-10-29,0,443,9155,32813,41515,7833,89334,106528
2025-10-30,0,443,9157,32826,41515,7833,89334,106528
2025-10-31,0,444,9163,32838,41515,7836,89334,106528
2025-11-01,0,444,9167,32841,41515,7836,89334,106528
2025-11-02,0,444,9168,32849,41515,7837,89334,106528
2025-11-03,0,444,9172,32854,41515,7840,89334,106528
2025-11-04,0,444,9175,32865,41515,7845,89334,106528
2025-11-05,0,445,9178,32874,41515,7846,89334,106528
2025-11-06,0,445,9181,32882,41515,7849,89334,106528
2025-11-07,0,445,9181,32891,41515,7853,89334,106528
2025-11-08,0,445,9185,32900,41515,7853,89334,106528
2025-11-09,0,446,9186,32904,41515,7853,89334,106528
2025-11-10,0,446,9189,32915,41515,7855,89334,106528
2025-11-11,0,446,9190,32933,41515,7855,89334,106528
2025-11-12,0,446,9193,32942,41515,7855,89334,106528
2025-11-13,0,446,9196,32947,41515,7856,89334,106528
2025-11-14,0,446,9197,32957,41515,7856,89334,106528
2025-11-15,0,446,9198,32963,41515,7856,89334,106528
2025-11-16,0,446,9199,32970,41515,7856,89334,106528
2025-11-17,0,446,9202,32979,41515,7858,89334,106528
2025-11-18,0,446,9204,32987,41515,7860,89334,106528
2025-11-19,0,446,9205,32995,41515,7860,89334,106528
2025-11-20,0,446,9207,33003,41515,7862,89334,106528
2025-11-21,0,446,9211,33017,41515,7863,89334,106528
2025-11-22,0,446,9216,33022,41515,7863,89334,106528
2025-11-23,0,446,9222,33033,41515,7863,89334,106528
2025-11-24,0,447,9225,33046,41515,7864,89334,106528
2025-11-25,0,447,9229,33064,41515,7865,89334,106528
2025-11-26,0,448,9231,33078,41515,7865,89334,106528
2025-11-27,0,448,9234,33095,41515,7866,89334,106528
2025-11-28,0,448,9239,33107,41515,7867,89334,106528
2025-11-29,0,448,9242,33116,41515,7867,89334,106528
2025-11-30,0,448,9243,33117,41515,7868,89334,106528
2025-12-01,0,449,9247,33127,41515,7870,89334,106528
2025-12-02,0,449,9250,33139,41515,7870,89334,106528
2025-12-03,0,450,9251,33154,41515,7871,89334,106528
2025-12-04,0,450,9254,33170,41515,7874,89334,106528
2025-12-05,0,450,9259,33185,41515,7874,89334,106528
2025-12-06,0,451,9262,33193,41515,7875,89334,106528
2025-12-07,0,451,9262,33198,41515,7875,89334,106528
2025-12-08,0,451,9266,33203,41515,7876,89334,106528
2025-12-09,0,453,9269,33212,41515,7877,89334,106528
2025-12-10,0,454,9273,33218,41515,7877,89334,106528
2025-12-11,0,454,9276,33225,41515,7877,89334,106528
2025-12-12,0,454,9277,33237,41515,7879,89334,106528
2025-12-13,0,454,9280,33243,41515,7880,89334,106528
2025-12-14,0,454,9281,33245,41515,7881,89334,106528
2025-12-15,0,454,9282,33259,41515,7882,89334,106528
2025-12-16,0,455,9283,33264,41515,7882,89334,106528
2025-12-17,0,455,9287,33277,41515,7884,89334,106528
2025-12-18,0,455,9292,33283,41515,7885,89334,106528
2025-12-19,0,455,9296,33292,41515,7885,89334,106528
2025-12-20,0,455,9300,33302,41515,7886,89334,106528
2025-12-21,0,455,9303,33309,41515,7887,89334,106528
2025-12-22,0,457,9304,33316,41515,7888,89334,106528
2025-12-23,0,457,9305,33323,41515,7889,89334,106528
2025-12-24,0,458,9306,33327,41515,7891,89334,106528
2025-12-25,0,458,9308,33334,41515,7891,89334,106528
2025-12-26,0,458,9309,33345,41515,7893,89334,106528
2025-12-27,0,459,9311,33355,41515,7896,89334,106528
2025-12-28,0,459,9313,33363,41515,7896,89334,106528
2025-12-29,0,459,9316,33370,41515,7898,89334,106528
2025-12-30,0,460,9320,33387,41515,7898,89334,106528
2025-12-31,0,460,9323,33395,41515,7899,89334,106528
2026-01-01,0,460,9325,33402,41515,7900,89334,106528
2026-01-02,0,460,9329,33410,41515,7903,89334,106528
2026-01-03,0,460,9335,33417,41515,7903,89334,106528
2026-01-04,0,460,9339,33433,41515,7903,89334,106528
2026-01-05,0,460,9339,33443,41515,7904,89334,106528
2026-01-06,0,460,9340,33460,41515,7905,89334,106528
2026-01-07,0,462,9345,33471,41515,7907,89334,106528
2026-01-08,0,462,9350,33476,41515,7908,89334,106528
2026-01-09,0,462,9350,33489,41515,7909,89334,106528
2026-01-10,0,462,9353,33502,41515,7911,89334,106528
2026-01-11,0,462,9354,33510,41515,7911,89334,106528
2026-01-12,0,462,9357,33519,41515,7912,89334,106528
2026-01-13,0,462,9360,33534,41515,7912,89334,106528
2026-01-14,0,462,9361,33545,41515,7912,89334,106528
2026-01-15,0,462,9366,33552,41515,7913,89334,106528
2026-01-16,0,462,9371,33566,41515,7916,89334,106528
2026-01-17,0,462,9375,33574,41515,7917,89334,106528
2026-01-18,0,462,9378,33579,41515,7917,89334,106528
2026-01-19,0,462,9383,33586,41515,7919,89334,106528
2026-01-20,0,462,9390,33598,41515,7923,89334,106528
2026-01-21,0,463,9393,33608,41515,7923,89334,106528
2026-01-22,0,463,9396,33622,41515,7924,89334,106528
2026-01-23,0,463,9397,33639,41515,7924,89334,106528
2026-01-24,0,463,9399,33649,41515,7927,89334,106528
2026-01-25,0,463,9401,33657,41515,7928,89334,106528
2026-01-26,0,467,9405,33669,41515,7931,89334,106528
2026-01-27,0,470,9411,33678,41515,7932,89334,106528
2026-01-28,0,471,9413,33689,41515,7933,89334,106528
2026-01-29,0,472,9418,33705,41515,7939,89334,106528
2026-01-30,0,472,9422,33718,41515,7941,89334,106528
2026-01-31,0,472,9425,33729,41515,7942,89334,106528
2026-02-01,0,473,9426,33738,41515,7942,89334,106528
2026-02-02,0,473,9428,33752,41515,7943,89334,106528
2026-02-03,0,474,9437,33762,41515,7945,89334,106528
2026-02-04,0,474,9441,33771,41515,7945,89334,106528
2026-02-05,0,474,9445,33777,41515,7945,89334,106528
2026-02-06,0,475,9446,33784,41515,7946,89334,106528
2026-02-07,0,475,9447,33789,41515,7947,89334,106528
2026-02-08,0,476,9448,33797,41515,7948,89334,106528
2026-02-09,0,476,9452,33810,41515,7949,89334,106528
2026-02-10,0,476,9457,33822,41515,7949,89334,106528
2026-02-11,0,477,9462,33832,41515,7950,89334,106528
2026-02-12,0,477,9466,33843,41515,7950,89334,106528
2026-02-13,0,477,9470,33852,41515,7951,89334,106528
2026-02-14,0,477,9473,33859,41515,7952,89334,106528
2026-02-15,0,477,9476,33863,41515,7953,89334,106528
2026-02-16,0,477,9478,33870,41515,7956,89334,106528
2026-02-17,0,477,9479,33881,41515,7956,89334,106528
2026-02-18,0,477,9485,33899,41515,7956,89334,106528
2026-02-19,0,479,9487,33911,41515,7958,89334,106528
2026-02-20,0,481,9491,33928,41515,7959,89334,106528
2026-02-21,0,481,9492,33940,41515,7959,89334,106528
2026-02-22,0,481,9494,33945,41515,7959,89334,106528
2026-02-23,0,481,9494,33954,41515,7959,89334,106528
2026-02-24,0,481,9495,33969,41515,7961,89334,106528
2026-02-25,0,482,9496,33985,41515,7962,89334,106528
2026-02-26,0,483,9498,33991,41515,7963,89334,106528
2026-02-27,0,483,9502,34008,41515,7963,89334,106528
2026-02-28,0,483,9503,34015,41515,7963,89334,106528
2026-03-01,0,484,9508,34030,41515,7963,89334,106528
2026-03-02,0,484,9513,34039,41515,7965,89334,106528
2026-03-03,0,484,9516,34047,41515,7967,89334,106528
2026-03-04,0,485,9519,34058,41515,7974,89334,106528
2026-03-05,0,486,9523,34066,41515,7975,89334,106528
2026-03-06,0,486,9527,34077,41515,7977,89334,106528
2026-03-07,0,486,9529,34086,41515,7978,89334,106528
2026-03-08,0,487,9535,34096,41515,7978,89334,106528
2026-03-09,0,487,9539,34103,41515,7978,89334,106528
2026-03-10,0,487,9544,34118,41515,7979,89334,106528
2026-03-11,0,488,9550,34128,41515,7981,89334,106528
2026-03-12,0,488,9553,34143,41515,7982,89334,106528
2026-03-13,0,488,9556,34159,41515,7983,89334,106528
2026-03-14,0,488,9558,34167,41515,7985,89334,106528
2026-03-15,0,488,9562,34179,41515,7987,89334,106528
2026-03-16,0,488,9566,34189,41515,7988,89334,106528
2026-03-17,0,490,9569,34202,41515,7988,89334,106528
2026-03-18,0,491,9572,34218,41515,7991,89334,106528
2026-03-19,0,491,9576,34232,41515,7992,89334,106528
2026-03-20,0,495,9579,34247,41515,7996,89334,106528
2026-03-21,0,495,9585,34254,41515,7999,89334,106528
2026-03-22,0,495,9587,34262,41515,8000,89334,106528
2026-03-23,0,496,9591,34279,41515,8000,89334,106528
2026-03-24,0,496,9595,34291,41515,8000,89334,106528
2026-03-25,0,496,9598,34312,41515,8001,89334,106528
2026-03-26,0,496,9600,34322,41515,8005,89334,106528
2026-03-27,0,497,9602,34340,41515,8007,89334,106528
2026-03-28,0,498,9606,34360,41515,8007,89334,106528
2026-03-29,0,498,9608,34367,41515,8008,89334,106528
2026-03-30,0,498,9612,34379,41515,8010,89334,106528
2026-03-31,0,498,9615,34402,41515,8011,89334,106528
2026-04-01,0,499,9619,34422,41515,8011,89334,106528
2026-04-02,0,499,9623,34435,41515,8011,89334,106528
2026-04-03,0,500,9625,34447,41515,8012,89334,106528
2026-04-04,0,501,9627,34461,41515,8013,89334,106528
2026-04-05,0,501,9630,34474,41515,8013,89334,106528
2026-04-06,0,503,9635,34483,41515,8014,89334,106528
2026-04-07,0,503,9639,34505,41515,8020,89334,106528
2026-04-08,0,503,9648,34523,41515,8026,89334,106528
2026-04-09,0,503,9650,34556,41515,8038,89334,106528
2026-04-10,0,503,9652,34560,41515,8039,89334,106528
2026-04-11,0,503,9655,34562,41515,8040,89334,106528
2026-04-12,0,503,9657,34569,41515,8042,89334,106528
2026-04-13,0,503,9660,34575,41515,8043,89334,106528
2026-04-14,0,503,9666,34583,41515,8045,89334,106528
2026-04-15,0,503,9668,34604,41515,8047,89334,106528
2026-04-16,0,503,9673,34620,41515,8048,89334,106528
2026-04-17,0,504,9675,34636,41515,8050,89334,106528
2026-04-18,9,505,9675,34653,41515,8051,89334,106528
2026-04-19,180,505,9678,34666,41515,8052,89334,106528
2026-04-20,322,506,9680,34680,41515,8054,89334,106528
2026-04-21,350,507,9684,34695,41515,8056,89334,106528
2026-04-22,369,507,9691,34711,41515,8058,89334,106528
2026-04-23,418,508,9698,34722,41515,8060,89334,106528
2026-04-24,539,508,9706,34730,41515,8064,89334,106528
2026-04-25,560,508,9707,34734,41515,8065,89334,106528
2026-04-26,583,509,9708,34737,41515,8065,89349,106541
2026-04-27,613,509,9709,34743,41513,8063,89369,106553
2026-04-28,639,510,9712,34750,41515,8064,89395,106563
2026-04-29,672,510,9715,34769,41511,8064,89429,106569
