date,mise_stars,asdf_stars,hk_stars,nixpkgs_stars
2015-05-24,0,13,0,4
2015-05-25,0,16,0,6
2015-05-26,0,17,0,7
2015-05-27,0,18,0,21630
2015-05-28,0,20,0,21630
2015-05-29,0,20,0,8
2015-06-01,0,20,0,10
2015-06-02,0,21,0,11
2015-06-05,0,21,0,14
2015-06-06,0,21,0,15
2015-06-07,0,21,0,16
2015-06-09,0,21,0,18
2015-06-10,0,21,0,19
2015-06-12,0,21,0,23
2015-06-13,0,21,0,30
2015-06-14,0,23,0,32
2015-06-17,0,23,0,37
2015-06-18,0,23,0,38
2015-06-19,0,23,0,21630
2015-06-20,0,23,0,43
2015-06-24,0,23,0,49
2015-06-27,0,23,0,21630
2015-06-29,0,23,0,21630
2015-06-30,0,24,0,21630
2015-07-02,0,24,0,52
2015-07-03,0,24,0,54
2015-07-05,0,24,0,56
2015-07-09,0,24,0,61
2015-07-10,0,24,0,21630
2015-07-14,0,24,0,21630
2015-07-15,0,25,0,21630
2015-07-16,0,25,0,21630
2015-07-20,0,25,0,70
2015-07-21,0,29,0,72
2015-07-24,0,29,0,74
2015-07-25,0,30,0,75
2015-07-27,0,39,0,76
2015-07-28,0,43,0,78
2015-07-29,0,46,0,79
2015-07-30,0,46,0,80
2015-07-31,0,47,0,21630
2015-08-01,0,47,0,21630
2015-08-02,0,47,0,21630
2015-08-03,0,48,0,21630
2015-08-04,0,48,0,83
2015-08-05,0,48,0,86
2015-08-07,0,48,0,87
2015-08-10,0,48,0,21630
2015-08-11,0,50,0,21630
2015-08-13,0,50,0,88
2015-08-15,0,51,0,90
2015-08-17,0,51,0,21630
2015-08-18,0,51,0,93
2015-08-19,0,51,0,21630
2015-08-20,0,51,0,94
2015-08-22,0,51,0,21630
2015-08-24,0,51,0,97
2015-09-01,0,51,0,105
2015-09-02,0,52,0,21630
2015-09-04,0,52,0,108
2015-09-06,0,52,0,21630
2015-09-08,0,52,0,21630
2015-09-10,0,52,0,111
2015-09-12,0,53,0,21630
2015-09-14,0,53,0,114
2015-09-15,0,53,0,116
2015-09-17,0,53,0,21630
2015-09-18,0,53,0,118
2015-09-19,0,53,0,21630
2015-09-20,0,54,0,120
2015-09-22,0,56,0,122
2015-09-23,0,57,0,123
2015-09-24,0,57,0,21630
2015-09-26,0,57,0,21630
2015-09-28,0,57,0,126
2015-09-29,0,57,0,128
2015-10-01,0,57,0,132
2015-10-03,0,57,0,133
2015-10-06,0,60,0,138
2015-10-07,0,60,0,21630
2015-10-09,0,60,0,139
2015-10-10,0,61,0,140
2015-10-11,0,61,0,21630
2015-10-20,0,61,0,144
2015-10-21,0,61,0,21630
2015-10-23,0,62,0,146
2015-10-24,0,62,0,147
2015-10-25,0,62,0,148
2015-10-26,0,63,0,21630
2015-10-27,0,64,0,149
2015-11-04,0,64,0,154
2015-11-05,0,65,0,157
2015-11-07,0,65,0,159
2015-11-08,0,65,0,160
2015-11-10,0,66,0,164
2015-11-11,0,66,0,165
2015-11-12,0,66,0,167
2015-11-13,0,66,0,168
2015-11-14,0,72,0,169
2015-11-15,0,77,0,170
2015-11-16,0,80,0,171
2015-11-17,0,80,0,21630
2015-11-18,0,80,0,172
2015-11-19,0,80,0,21630
2015-11-20,0,81,0,21630
2015-11-21,0,81,0,174
2015-11-22,0,81,0,176
2015-11-24,0,81,0,21630
2015-11-25,0,82,0,178
2015-12-03,0,84,0,21630
2015-12-04,0,84,0,184
2015-12-05,0,85,0,185
2015-12-06,0,86,0,21630
2015-12-07,0,87,0,186
2015-12-08,0,88,0,21630
2015-12-10,0,90,0,189
2015-12-11,0,92,0,194
2015-12-13,0,92,0,195
2015-12-14,0,92,0,198
2015-12-15,0,92,0,199
2015-12-16,0,92,0,21630
2015-12-17,0,92,0,202
2015-12-18,0,94,0,21630
2015-12-19,0,94,0,205
2015-12-23,0,94,0,21630
2015-12-24,0,94,0,207
2015-12-28,0,94,0,211
2016-01-01,0,95,0,216
2016-01-04,0,95,0,217
2016-01-05,0,95,0,220
2016-01-06,0,95,0,223
2016-01-07,0,96,0,228
2016-01-09,0,96,0,230
2016-01-10,0,97,0,234
2016-01-11,0,97,0,21630
2016-01-13,0,97,0,21630
2016-01-14,0,98,0,235
2016-01-15,0,98,0,236
2016-01-17,0,101,0,238
2016-01-18,0,103,0,21630
2016-01-20,0,108,0,239
2016-01-21,0,111,0,21630
2016-01-22,0,112,0,21630
2016-01-23,0,113,0,240
2016-01-25,0,113,0,244
2016-01-27,0,113,0,247
2016-01-28,0,116,0,249
2016-01-29,0,116,0,250
2016-01-30,0,117,0,252
2016-01-31,0,118,0,21630
2016-02-01,0,118,0,255
2016-02-02,0,119,0,259
2016-02-03,0,120,0,21630
2016-02-05,0,123,0,260
2016-02-06,0,123,0,21630
2016-02-07,0,124,0,21630
2016-02-08,0,126,0,21630
2016-02-09,0,127,0,21630
2016-02-10,0,128,0,263
2016-02-13,0,129,0,269
2016-02-15,0,130,0,21630
2016-02-16,0,131,0,273
2016-02-17,0,131,0,275
2016-02-18,0,132,0,276
2016-02-19,0,133,0,277
2016-02-20,0,133,0,280
2016-02-21,0,134,0,21630
2016-02-23,0,138,0,282
2016-02-24,0,139,0,283
2016-02-25,0,139,0,285
2016-02-26,0,139,0,288
2016-02-27,0,140,0,289
2016-02-28,0,141,0,21630
2016-02-29,0,141,0,290
2016-03-02,0,141,0,21630
2016-03-03,0,142,0,291
2016-03-04,0,144,0,21630
2016-03-06,0,145,0,21630
2016-03-07,0,145,0,21630
2016-03-09,0,145,0,295
2016-03-10,0,147,0,297
2016-03-11,0,148,0,299
2016-03-12,0,148,0,300
2016-03-13,0,149,0,21630
2016-03-14,0,151,0,302
2016-03-15,0,151,0,303
2016-03-16,0,152,0,304
2016-03-17,0,153,0,308
2016-03-18,0,153,0,310
2016-03-19,0,153,0,21630
2016-03-21,0,154,0,21630
2016-03-22,0,154,0,21630
2016-03-23,0,154,0,313
2016-03-24,0,154,0,317
2016-03-25,0,155,0,318
2016-03-26,0,157,0,321
2016-03-27,0,157,0,21630
2016-03-28,0,159,0,324
2016-03-29,0,159,0,326
2016-03-31,0,159,0,329
2016-04-01,0,159,0,332
2016-04-02,0,159,0,334
2016-04-03,0,159,0,337
2016-04-04,0,159,0,340
2016-04-05,0,160,0,21630
2016-04-06,0,161,0,341
2016-04-07,0,164,0,21630
2016-04-08,0,164,0,342
2016-04-09,0,165,0,344
2016-04-10,0,168,0,345
2016-04-11,0,170,0,21630
2016-04-12,0,173,0,351
2016-04-13,0,174,0,21630
2016-04-14,0,174,0,355
2016-04-15,0,174,0,359
2016-04-16,0,174,0,360
2016-04-17,0,175,0,363
2016-04-18,0,176,0,364
2016-04-19,0,176,0,368
2016-04-20,0,177,0,371
2016-04-21,0,177,0,373
2016-04-23,0,178,0,374
2016-04-24,0,179,0,21630
2016-04-25,0,180,0,375
2016-04-26,0,181,0,379
2016-04-27,0,182,0,382
2016-04-28,0,182,0,384
2016-04-29,0,183,0,21630
2016-04-30,0,185,0,21630
2016-05-02,0,187,0,387
2016-05-03,0,190,0,390
2016-05-04,0,190,0,391
2016-05-06,0,191,0,395
2016-05-07,0,194,0,21630
2016-05-08,0,194,0,398
2016-05-09,0,194,0,401
2016-05-10,0,194,0,403
2016-05-11,0,196,0,21630
2016-05-14,0,196,0,407
2016-05-15,0,196,0,21630
2016-05-16,0,199,0,408
2016-05-17,0,201,0,409
2016-05-18,0,207,0,21630
2016-05-19,0,208,0,411
2016-05-20,0,209,0,414
2016-05-22,0,211,0,415
2016-05-23,0,214,0,416
2016-05-24,0,215,0,417
2016-05-25,0,218,0,418
2016-05-26,0,219,0,422
2016-05-27,0,220,0,427
2016-05-28,0,221,0,428
2016-05-29,0,222,0,430
2016-05-30,0,222,0,434
2016-05-31,0,227,0,441
2016-06-01,0,228,0,442
2016-06-02,0,232,0,21630
2016-06-03,0,233,0,443
2016-06-04,0,233,0,444
2016-06-05,0,233,0,446
2016-06-06,0,234,0,447
2016-06-08,0,235,0,452
2016-06-09,0,236,0,453
2016-06-10,0,238,0,454
2016-06-11,0,250,0,455
2016-06-12,0,269,0,456
2016-06-13,0,278,0,458
2016-06-14,0,284,0,459
2016-06-15,0,287,0,460
2016-06-16,0,288,0,21630
2016-06-17,0,289,0,461
2016-06-20,0,290,0,466
2016-06-21,0,300,0,467
2016-06-22,0,315,0,470
2016-06-23,0,322,0,21630
2016-06-24,0,329,0,471
2016-06-25,0,329,0,473
2016-06-26,0,330,0,21630
2016-06-27,0,334,0,474
2016-06-28,0,338,0,21630
2016-06-29,0,340,0,477
2016-06-30,0,341,0,21630
2016-07-01,0,345,0,21630
2016-07-02,0,347,0,478
2016-07-03,0,348,0,479
2016-07-04,0,349,0,21630
2016-07-05,0,351,0,480
2016-07-06,0,354,0,21630
2016-07-07,0,356,0,484
2016-07-10,0,360,0,21630
2016-07-11,0,361,0,487
2016-07-12,0,364,0,489
2016-07-13,0,371,0,490
2016-07-14,0,376,0,493
2016-07-15,0,378,0,494
2016-07-16,0,379,0,496
2016-07-18,0,385,0,21630
2016-07-19,0,391,0,498
2016-07-20,0,395,0,21630
2016-07-21,0,396,0,500
2016-07-22,0,398,0,502
2016-07-23,0,398,0,503
2016-07-24,0,399,0,21630
2016-07-25,0,402,0,507
2016-07-26,0,404,0,516
2016-07-27,0,406,0,518
2016-07-28,0,410,0,520
2016-07-29,0,411,0,521
2016-07-31,0,413,0,21630
2016-08-01,0,416,0,524
2016-08-02,0,417,0,525
2016-08-03,0,419,0,527
2016-08-04,0,421,0,21630
2016-08-05,0,423,0,528
2016-08-06,0,426,0,531
2016-08-07,0,427,0,21630
2016-08-08,0,432,0,534
2016-08-09,0,435,0,539
2016-08-10,0,436,0,542
2016-08-11,0,440,0,543
2016-08-12,0,441,0,546
2016-08-13,0,442,0,547
2016-08-14,0,443,0,21630
2016-08-15,0,448,0,549
2016-08-16,0,450,0,551
2016-08-17,0,451,0,21630
2016-08-18,0,453,0,21630
2016-08-19,0,455,0,21630
2016-08-21,0,457,0,555
2016-08-22,0,460,0,556
2016-08-23,0,461,0,21630
2016-08-24,0,462,0,557
2016-08-25,0,465,0,21630
2016-08-26,0,466,0,560
2016-08-27,0,467,0,21630
2016-08-28,0,468,0,21630
2016-08-29,0,468,0,21630
2016-08-30,0,468,0,562
2016-08-31,0,469,0,563
2016-09-01,0,469,0,566
2016-09-02,0,469,0,567
2016-09-04,0,470,0,568
2016-09-05,0,473,0,569
2016-09-06,0,475,0,570
2016-09-07,0,479,0,571
2016-09-08,0,481,0,574
2016-09-09,0,482,0,576
2016-09-10,0,482,0,577
2016-09-13,0,483,0,578
2016-09-14,0,489,0,21630
2016-09-15,0,489,0,584
2016-09-16,0,490,0,585
2016-09-17,0,491,0,21630
2016-09-18,0,491,0,587
2016-09-19,0,494,0,21630
2016-09-21,0,495,0,592
2016-09-23,0,499,0,597
2016-09-24,0,512,0,598
2016-09-25,0,516,0,599
2016-09-26,0,521,0,600
2016-09-27,0,525,0,601
2016-09-28,0,528,0,603
2016-09-29,0,530,0,605
2016-10-02,0,532,0,608
2016-10-03,0,532,0,609
2016-10-04,0,534,0,612
2016-10-05,0,536,0,614
2016-10-06,0,538,0,617
2016-10-07,0,539,0,621
2016-10-08,0,541,0,622
2016-10-09,0,541,0,623
2016-10-10,0,542,0,624
2016-10-11,0,547,0,625
2016-10-12,0,550,0,21630
2016-10-13,0,554,0,628
2016-10-14,0,555,0,629
2016-10-15,0,559,0,21630
2016-10-17,0,561,0,633
2016-10-18,0,561,0,21630
2016-10-19,0,564,0,634
2016-10-20,0,566,0,635
2016-10-21,0,568,0,637
2016-10-23,0,568,0,640
2016-10-24,0,571,0,21630
2016-10-25,0,573,0,642
2016-10-26,0,573,0,644
2016-10-27,0,577,0,646
2016-10-29,0,578,0,650
2016-10-31,0,579,0,21630
2016-11-02,0,582,0,21630
2016-11-03,0,584,0,21630
2016-11-04,0,585,0,21630
2016-11-05,0,586,0,21630
2016-11-08,0,587,0,655
2016-11-09,0,588,0,21630
2016-11-10,0,590,0,656
2016-11-11,0,592,0,661
2016-11-12,0,593,0,662
2016-11-13,0,594,0,663
2016-11-14,0,594,0,665
2016-11-15,0,594,0,666
2016-11-16,0,595,0,21630
2016-11-18,0,596,0,668
2016-11-20,0,599,0,21630
2016-11-21,0,609,0,671
2016-11-22,0,627,0,672
2016-11-23,0,643,0,21630
2016-11-24,0,656,0,673
2016-11-25,0,659,0,21630
2016-11-26,0,661,0,21630
2016-11-27,0,662,0,675
2016-11-28,0,667,0,676
2016-11-30,0,670,0,678
2016-12-01,0,672,0,680
2016-12-02,0,673,0,681
2016-12-03,0,691,0,683
2016-12-04,0,710,0,684
2016-12-05,0,718,0,685
2016-12-06,0,723,0,688
2016-12-07,0,729,0,21630
2016-12-08,0,732,0,689
2016-12-09,0,738,0,694
2016-12-10,0,743,0,695
2016-12-11,0,744,0,697
2016-12-12,0,746,0,701
2016-12-13,0,748,0,702
2016-12-14,0,749,0,21630
2016-12-15,0,754,0,704
2016-12-16,0,759,0,705
2016-12-17,0,762,0,706
2016-12-20,0,768,0,709
2016-12-21,0,771,0,710
2016-12-22,0,773,0,712
2016-12-23,0,774,0,715
2016-12-24,0,776,0,21630
2016-12-26,0,777,0,717
2016-12-27,0,778,0,718
2016-12-28,0,779,0,21630
2016-12-29,0,784,0,719
2016-12-30,0,785,0,21630
2016-12-31,0,785,0,720
2017-01-01,0,785,0,21630
2017-01-02,0,790,0,21630
2017-01-03,0,791,0,722
2017-01-04,0,795,0,21630
2017-01-05,0,801,0,725
2017-01-06,0,811,0,727
2017-01-07,0,815,0,728
2017-01-08,0,817,0,21630
2017-01-09,0,823,0,731
2017-01-10,0,833,0,732
2017-01-11,0,836,0,735
2017-01-12,0,845,0,737
2017-01-13,0,847,0,741
2017-01-14,0,851,0,742
2017-01-15,0,857,0,743
2017-01-16,0,859,0,746
2017-01-17,0,869,0,21630
2017-01-18,0,871,0,21630
2017-01-19,0,874,0,747
2017-01-20,0,875,0,748
2017-01-21,0,877,0,21630
2017-01-22,0,883,0,751
2017-01-23,0,885,0,753
2017-01-24,0,891,0,756
2017-01-25,0,894,0,21630
2017-01-26,0,898,0,757
2017-01-27,0,900,0,759
2017-01-28,0,906,0,760
2017-01-29,0,909,0,21630
2017-01-30,0,914,0,21630
2017-01-31,0,918,0,762
2017-02-01,0,922,0,764
2017-02-02,0,927,0,766
2017-02-03,0,930,0,769
2017-02-04,0,931,0,770
2017-02-05,0,934,0,771
2017-02-06,0,934,0,21630
2017-02-07,0,936,0,772
2017-02-08,0,941,0,774
2017-02-09,0,942,0,776
2017-02-10,0,943,0,777
2017-02-11,0,944,0,21630
2017-02-12,0,945,0,780
2017-02-13,0,949,0,781
2017-02-14,0,950,0,21630
2017-02-15,0,954,0,782
2017-02-16,0,957,0,785
2017-02-17,0,964,0,786
2017-02-18,0,966,0,788
2017-02-19,0,967,0,791
2017-02-20,0,969,0,794
2017-02-21,0,971,0,797
2017-02-22,0,973,0,798
2017-02-23,0,974,0,800
2017-02-24,0,979,0,801
2017-02-25,0,982,0,804
2017-02-26,0,983,0,807
2017-02-27,0,984,0,808
2017-02-28,0,992,0,809
2017-03-01,0,997,0,21630
2017-03-02,0,998,0,810
2017-03-03,0,999,0,21630
2017-03-04,0,999,0,21630
2017-03-05,0,1000,0,811
2017-03-06,0,1008,0,21630
2017-03-07,0,1013,0,812
2017-03-08,0,1016,0,814
2017-03-09,0,1020,0,817
2017-03-10,0,1020,0,21630
2017-03-11,0,1022,0,818
2017-03-12,0,1022,0,819
2017-03-13,0,1026,0,823
2017-03-15,0,1027,0,829
2017-03-17,0,1033,0,834
2017-03-18,0,1035,0,836
2017-03-19,0,1036,0,837
2017-03-20,0,1043,0,21630
2017-03-21,0,1046,0,21630
2017-03-22,0,1048,0,838
2017-03-23,0,1050,0,840
2017-03-24,0,1055,0,841
2017-03-25,0,1055,0,845
2017-03-26,0,1058,0,848
2017-03-27,0,1061,0,851
2017-03-28,0,1061,0,853
2017-03-29,0,1064,0,854
2017-03-30,0,1069,0,855
2017-03-31,0,1071,0,859
2017-04-01,0,1076,0,860
2017-04-02,0,1079,0,862
2017-04-03,0,1081,0,863
2017-04-04,0,1083,0,865
2017-04-05,0,1085,0,21630
2017-04-06,0,1089,0,871
2017-04-07,0,1090,0,873
2017-04-08,0,1091,0,21630
2017-04-09,0,1096,0,875
2017-04-10,0,1098,0,21630
2017-04-11,0,1104,0,21630
2017-04-12,0,1106,0,878
2017-04-13,0,1109,0,882
2017-04-14,0,1110,0,884
2017-04-16,0,1111,0,887
2017-04-17,0,1115,0,888
2017-04-18,0,1121,0,21630
2017-04-19,0,1125,0,889
2017-04-20,0,1131,0,891
2017-04-21,0,1134,0,893
2017-04-22,0,1137,0,21630
2017-04-24,0,1140,0,896
2017-04-25,0,1146,0,902
2017-04-26,0,1152,0,21630
2017-04-27,0,1155,0,21630
2017-04-28,0,1157,0,907
2017-04-29,0,1159,0,908
2017-04-30,0,1162,0,21630
2017-05-01,0,1163,0,910
2017-05-02,0,1167,0,913
2017-05-03,0,1171,0,917
2017-05-04,0,1174,0,918
2017-05-06,0,1176,0,21630
2017-05-07,0,1180,0,919
2017-05-08,0,1182,0,921
2017-05-09,0,1184,0,922
2017-05-10,0,1188,0,923
2017-05-11,0,1190,0,926
2017-05-12,0,1191,0,929
2017-05-13,0,1196,0,933
2017-05-14,0,1200,0,21630
2017-05-15,0,1202,0,935
2017-05-16,0,1206,0,936
2017-05-17,0,1208,0,938
2017-05-18,0,1215,0,941
2017-05-19,0,1219,0,21630
2017-05-21,0,1222,0,944
2017-05-22,0,1225,0,946
2017-05-23,0,1226,0,950
2017-05-24,0,1227,0,951
2017-05-25,0,1231,0,21630
2017-05-26,0,1234,0,952
2017-05-27,0,1236,0,21630
2017-05-28,0,1236,0,21630
2017-05-29,0,1240,0,953
2017-05-30,0,1242,0,21630
2017-05-31,0,1248,0,21630
2017-06-01,0,1253,0,954
2017-06-02,0,1257,0,956
2017-06-03,0,1259,0,21630
2017-06-04,0,1265,0,958
2017-06-05,0,1274,0,21630
2017-06-06,0,1281,0,21630
2017-06-07,0,1292,0,961
2017-06-08,0,1295,0,965
2017-06-09,0,1297,0,21630
2017-06-10,0,1298,0,21630
2017-06-11,0,1303,0,21630
2017-06-12,0,1304,0,21630
2017-06-13,0,1307,0,968
2017-06-14,0,1311,0,969
2017-06-15,0,1317,0,21630
2017-06-16,0,1320,0,21630
2017-06-17,0,1322,0,971
2017-06-18,0,1325,0,975
2017-06-19,0,1327,0,21630
2017-06-20,0,1332,0,979
2017-06-21,0,1333,0,981
2017-06-22,0,1336,0,982
2017-06-23,0,1338,0,987
2017-06-24,0,1342,0,988
2017-06-25,0,1347,0,990
2017-06-26,0,1353,0,992
2017-06-27,0,1358,0,21630
2017-06-28,0,1359,0,21630
2017-06-29,0,1366,0,21630
2017-06-30,0,1370,0,993
2017-07-01,0,1374,0,996
2017-07-02,0,1375,0,997
2017-07-03,0,1378,0,998
2017-07-04,0,1379,0,999
2017-07-05,0,1385,0,1000
2017-07-06,0,1388,0,1003
2017-07-07,0,1388,0,1004
2017-07-08,0,1389,0,1006
2017-07-09,0,1390,0,1007
2017-07-10,0,1393,0,1008
2017-07-11,0,1397,0,1011
2017-07-12,0,1401,0,21630
2017-07-13,0,1405,0,21630
2017-07-14,0,1412,0,21630
2017-07-15,0,1419,0,1014
2017-07-16,0,1423,0,1015
2017-07-17,0,1430,0,1018
2017-07-18,0,1431,0,1021
2017-07-19,0,1434,0,1022
2017-07-20,0,1438,0,1024
2017-07-21,0,1442,0,1026
2017-07-22,0,1449,0,21630
2017-07-23,0,1451,0,21630
2017-07-24,0,1454,0,1028
2017-07-25,0,1464,0,1031
2017-07-26,0,1465,0,1033
2017-07-28,0,1468,0,1036
2017-07-29,0,1470,0,1037
2017-07-30,0,1472,0,21630
2017-07-31,0,1475,0,1039
2017-08-01,0,1478,0,1041
2017-08-02,0,1484,0,1043
2017-08-03,0,1490,0,1044
2017-08-04,0,1493,0,1046
2017-08-06,0,1496,0,21630
2017-08-07,0,1502,0,1048
2017-08-08,0,1510,0,1053
2017-08-09,0,1519,0,21630
2017-08-10,0,1524,0,21630
2017-08-11,0,1529,0,1056
2017-08-13,0,1529,0,1061
2017-08-14,0,1532,0,1064
2017-08-15,0,1534,0,21630
2017-08-16,0,1535,0,1065
2017-08-17,0,1539,0,1066
2017-08-18,0,1542,0,1067
2017-08-19,0,1544,0,21630
2017-08-20,0,1546,0,1068
2017-08-21,0,1546,0,21630
2017-08-22,0,1548,0,21630
2017-08-23,0,1550,0,1070
2017-08-24,0,1551,0,1072
2017-08-25,0,1553,0,1073
2017-08-26,0,1560,0,1074
2017-08-27,0,1562,0,1078
2017-08-28,0,1568,0,1079
2017-08-29,0,1570,0,1082
2017-08-30,0,1575,0,1085
2017-08-31,0,1578,0,21630
2017-09-01,0,1580,0,1088
2017-09-02,0,1583,0,1089
2017-09-03,0,1584,0,1090
2017-09-04,0,1586,0,1094
2017-09-05,0,1598,0,1095
2017-09-06,0,1600,0,1096
2017-09-07,0,1602,0,1100
2017-09-08,0,1611,0,1101
2017-09-09,0,1611,0,1102
2017-09-10,0,1613,0,1104
2017-09-11,0,1616,0,21630
2017-09-12,0,1619,0,1105
2017-09-13,0,1621,0,1107
2017-09-14,0,1624,0,1111
2017-09-15,0,1627,0,1114
2017-09-16,0,1629,0,1119
2017-09-17,0,1632,0,1123
2017-09-18,0,1635,0,1125
2017-09-19,0,1639,0,1126
2017-09-20,0,1640,0,1127
2017-09-21,0,1641,0,1128
2017-09-22,0,1644,0,1130
2017-09-23,0,1646,0,1132
2017-09-24,0,1648,0,1133
2017-09-25,0,1648,0,1134
2017-09-26,0,1652,0,1135
2017-09-27,0,1659,0,1137
2017-09-28,0,1664,0,1139
2017-09-29,0,1671,0,1142
2017-09-30,0,1673,0,21630
2017-10-01,0,1675,0,21630
2017-10-02,0,1676,0,1144
2017-10-03,0,1682,0,1145
2017-10-04,0,1686,0,1147
2017-10-05,0,1693,0,21630
2017-10-06,0,1697,0,21630
2017-10-07,0,1702,0,21630
2017-10-08,0,1704,0,1148
2017-10-09,0,1708,0,1150
2017-10-10,0,1710,0,1151
2017-10-11,0,1713,0,1153
2017-10-12,0,1722,0,1159
2017-10-13,0,1728,0,1160
2017-10-14,0,1733,0,1162
2017-10-15,0,1735,0,1165
2017-10-16,0,1737,0,1168
2017-10-17,0,1742,0,1169
2017-10-18,0,1750,0,1176
2017-10-19,0,1753,0,1178
2017-10-20,0,1756,0,1182
2017-10-21,0,1762,0,1185
2017-10-22,0,1764,0,1187
2017-10-23,0,1768,0,1189
2017-10-24,0,1793,0,1191
2017-10-25,0,1814,0,1194
2017-10-26,0,1841,0,1197
2017-10-27,0,1866,0,1198
2017-10-28,0,1876,0,1199
2017-10-29,0,1886,0,21630
2017-10-30,0,1901,0,1203
2017-10-31,0,1915,0,1206
2017-11-01,0,1922,0,1208
2017-11-02,0,1933,0,1209
2017-11-03,0,1941,0,1211
2017-11-04,0,1947,0,1213
2017-11-05,0,1951,0,21630
2017-11-06,0,1958,0,1214
2017-11-07,0,1961,0,1215
2017-11-08,0,1968,0,21630
2017-11-09,0,1970,0,1217
2017-11-10,0,1977,0,1218
2017-11-11,0,1986,0,1222
2017-11-12,0,1991,0,1224
2017-11-13,0,1996,0,1228
2017-11-14,0,2002,0,1231
2017-11-15,0,2003,0,1236
2017-11-16,0,2010,0,1238
2017-11-17,0,2016,0,1242
2017-11-18,0,2021,0,1243
2017-11-19,0,2024,0,1245
2017-11-20,0,2039,0,1249
2017-11-21,0,2046,0,1255
2017-11-22,0,2048,0,1257
2017-11-23,0,2051,0,1258
2017-11-24,0,2053,0,1259
2017-11-25,0,2057,0,1262
2017-11-26,0,2059,0,1263
2017-11-27,0,2064,0,1265
2017-11-28,0,2070,0,1266
2017-11-29,0,2072,0,21630
2017-11-30,0,2074,0,21630
2017-12-01,0,2079,0,1267
2017-12-02,0,2081,0,1270
2017-12-03,0,2088,0,1271
2017-12-04,0,2094,0,1274
2017-12-05,0,2098,0,1275
2017-12-06,0,2106,0,1277
2017-12-07,0,2110,0,1278
2017-12-08,0,2112,0,1282
2017-12-09,0,2115,0,1286
2017-12-10,0,2117,0,21630
2017-12-11,0,2119,0,1287
2017-12-12,0,2128,0,1291
2017-12-13,0,2134,0,1296
2017-12-14,0,2139,0,1297
2017-12-15,0,2142,0,1298
2017-12-16,0,2145,0,1299
2017-12-17,0,2146,0,1300
2017-12-18,0,2152,0,1302
2017-12-19,0,2158,0,1305
2017-12-20,0,2160,0,21630
2017-12-21,0,2165,0,1307
2017-12-22,0,2167,0,1310
2017-12-23,0,2168,0,1312
2017-12-24,0,2170,0,1313
2017-12-25,0,2174,0,1316
2017-12-26,0,2178,0,1320
2017-12-27,0,2185,0,1322
2017-12-28,0,2190,0,1327
2017-12-29,0,2194,0,1330
2017-12-30,0,2200,0,1331
2017-12-31,0,2202,0,1335
2018-01-01,0,2206,0,21630
2018-01-02,0,2209,0,1338
2018-01-03,0,2216,0,1339
2018-01-04,0,2220,0,1340
2018-01-05,0,2227,0,1343
2018-01-06,0,2229,0,1345
2018-01-07,0,2230,0,1347
2018-01-08,0,2232,0,1350
2018-01-09,0,2241,0,1356
2018-01-10,0,2244,0,1361
2018-01-11,0,2248,0,1362
2018-01-12,0,2255,0,1363
2018-01-13,0,2263,0,1364
2018-01-14,0,2269,0,1367
2018-01-15,0,2277,0,1369
2018-01-16,0,2281,0,1371
2018-01-17,0,2285,0,1373
2018-01-18,0,2292,0,1376
2018-01-19,0,2295,0,1377
2018-01-20,0,2296,0,21630
2018-01-21,0,2296,0,1380
2018-01-22,0,2302,0,1381
2018-01-23,0,2310,0,1386
2018-01-24,0,2311,0,1388
2018-01-25,0,2316,0,1390
2018-01-26,0,2318,0,1396
2018-01-27,0,2321,0,1398
2018-01-28,0,2322,0,21630
2018-01-29,0,2327,0,21630
2018-01-30,0,2331,0,1399
2018-01-31,0,2335,0,1401
2018-02-01,0,2337,0,1403
2018-02-02,0,2342,0,1406
2018-02-03,0,2345,0,21630
2018-02-04,0,2345,0,1408
2018-02-05,0,2350,0,1410
2018-02-06,0,2354,0,1412
2018-02-07,0,2363,0,1413
2018-02-08,0,2367,0,1414
2018-02-09,0,2371,0,1416
2018-02-10,0,2375,0,1417
2018-02-11,0,2375,0,1418
2018-02-12,0,2379,0,1420
2018-02-13,0,2382,0,1423
2018-02-14,0,2390,0,1428
2018-02-15,0,2394,0,1431
2018-02-16,0,2399,0,1434
2018-02-17,0,2402,0,1435
2018-02-18,0,2404,0,21630
2018-02-19,0,2406,0,1439
2018-02-20,0,2409,0,1442
2018-02-21,0,2413,0,1445
2018-02-22,0,2417,0,1446
2018-02-23,0,2423,0,1449
2018-02-24,0,2430,0,21630
2018-02-25,0,2433,0,1454
2018-02-26,0,2435,0,1455
2018-02-27,0,2438,0,1458
2018-02-28,0,2443,0,21630
2018-03-01,0,2448,0,1463
2018-03-02,0,2451,0,1467
2018-03-03,0,2456,0,1468
2018-03-04,0,2462,0,1470
2018-03-05,0,2469,0,1471
2018-03-06,0,2478,0,1473
2018-03-07,0,2481,0,1475
2018-03-08,0,2486,0,1476
2018-03-09,0,2487,0,1478
2018-03-10,0,2488,0,1480
2018-03-11,0,2491,0,1484
2018-03-12,0,2496,0,1485
2018-03-13,0,2508,0,1488
2018-03-14,0,2512,0,1492
2018-03-15,0,2519,0,1493
2018-03-16,0,2522,0,1495
2018-03-17,0,2525,0,21630
2018-03-18,0,2526,0,1498
2018-03-19,0,2533,0,1500
2018-03-20,0,2542,0,1501
2018-03-21,0,2546,0,1505
2018-03-22,0,2551,0,1509
2018-03-23,0,2554,0,1513
2018-03-24,0,2558,0,1514
2018-03-25,0,2562,0,1517
2018-03-26,0,2568,0,1519
2018-03-27,0,2571,0,1521
2018-03-28,0,2575,0,1526
2018-03-29,0,2583,0,1528
2018-03-30,0,2589,0,1529
2018-03-31,0,2591,0,1532
2018-04-01,0,2593,0,1535
2018-04-02,0,2597,0,1537
2018-04-03,0,2604,0,1540
2018-04-04,0,2607,0,1541
2018-04-05,0,2613,0,1545
2018-04-06,0,2621,0,1548
2018-04-07,0,2622,0,1550
2018-04-08,0,2627,0,1551
2018-04-09,0,2630,0,1554
2018-04-10,0,2634,0,21630
2018-04-11,0,2637,0,1555
2018-04-12,0,2645,0,1560
2018-04-13,0,2649,0,1562
2018-04-14,0,2651,0,1563
2018-04-15,0,2653,0,1567
2018-04-16,0,2659,0,1571
2018-04-17,0,2661,0,1574
2018-04-18,0,2667,0,21630
2018-04-19,0,2668,0,1576
2018-04-20,0,2675,0,1578
2018-04-21,0,2676,0,21630
2018-04-22,0,2681,0,1580
2018-04-23,0,2689,0,1581
2018-04-24,0,2694,0,1582
2018-04-25,0,2699,0,1585
2018-04-26,0,2703,0,1587
2018-04-27,0,2706,0,1591
2018-04-28,0,2708,0,1593
2018-04-29,0,2708,0,21630
2018-04-30,0,2711,0,1594
2018-05-01,0,2714,0,1595
2018-05-02,0,2721,0,1599
2018-05-03,0,2726,0,1602
2018-05-04,0,2732,0,1605
2018-05-05,0,2735,0,21630
2018-05-06,0,2737,0,1607
2018-05-07,0,2744,0,21630
2018-05-08,0,2746,0,1610
2018-05-09,0,2759,0,1613
2018-05-10,0,2768,0,1616
2018-05-11,0,2773,0,1617
2018-05-12,0,2775,0,21630
2018-05-14,0,2780,0,21630
2018-05-15,0,2787,0,1619
2018-05-16,0,2792,0,1623
2018-05-17,0,2798,0,1625
2018-05-18,0,2813,0,1628
2018-05-19,0,2817,0,21630
2018-05-20,0,2820,0,1631
2018-05-21,0,2825,0,1633
2018-05-22,0,2830,0,1639
2018-05-23,0,2840,0,1642
2018-05-24,0,2848,0,1646
2018-05-25,0,2854,0,1647
2018-05-26,0,2858,0,1651
2018-05-27,0,2861,0,1654
2018-05-28,0,2864,0,1660
2018-05-29,0,2872,0,1663
2018-05-30,0,2879,0,1668
2018-05-31,0,2881,0,1671
2018-06-01,0,2888,0,1674
2018-06-02,0,2888,0,1676
2018-06-03,0,2891,0,1678
2018-06-04,0,2895,0,1681
2018-06-05,0,2898,0,1682
2018-06-06,0,2901,0,1687
2018-06-07,0,2902,0,1689
2018-06-08,0,2907,0,1690
2018-06-09,0,2908,0,1691
2018-06-10,0,2910,0,1693
2018-06-11,0,2915,0,1696
2018-06-12,0,2917,0,1699
2018-06-13,0,2923,0,1700
2018-06-14,0,2930,0,1703
2018-06-15,0,2935,0,1706
2018-06-16,0,2939,0,1707
2018-06-17,0,2945,0,21630
2018-06-18,0,2950,0,1709
2018-06-19,0,2954,0,21630
2018-06-20,0,2957,0,1712
2018-06-21,0,2964,0,21630
2018-06-22,0,2968,0,1716
2018-06-23,0,2970,0,21630
2018-06-24,0,2972,0,1718
2018-06-25,0,2974,0,1721
2018-06-26,0,2979,0,1723
2018-06-27,0,2983,0,1724
2018-06-28,0,2990,0,1725
2018-06-29,0,2993,0,1727
2018-06-30,0,2994,0,1728
2018-07-01,0,2997,0,1729
2018-07-02,0,3001,0,1730
2018-07-03,0,3005,0,1731
2018-07-04,0,3011,0,1732
2018-07-05,0,3021,0,1734
2018-07-06,0,3027,0,1737
2018-07-07,0,3029,0,1738
2018-07-08,0,3032,0,1739
2018-07-09,0,3033,0,1740
2018-07-10,0,3036,0,1744
2018-07-11,0,3040,0,1746
2018-07-12,0,3044,0,1748
2018-07-13,0,3053,0,1751
2018-07-14,0,3056,0,1752
2018-07-15,0,3062,0,1754
2018-07-16,0,3068,0,1755
2018-07-17,0,3074,0,1757
2018-07-18,0,3079,0,1760
2018-07-19,0,3089,0,21630
2018-07-20,0,3094,0,1762
2018-07-21,0,3096,0,1763
2018-07-22,0,3098,0,1765
2018-07-23,0,3100,0,1766
2018-07-24,0,3111,0,1768
2018-07-25,0,3113,0,1779
2018-07-26,0,3126,0,1782
2018-07-27,0,3133,0,1783
2018-07-28,0,3138,0,1786
2018-07-29,0,3140,0,1792
2018-07-30,0,3146,0,1793
2018-07-31,0,3153,0,21630
2018-08-01,0,3157,0,21630
2018-08-02,0,3163,0,21630
2018-08-03,0,3174,0,1794
2018-08-04,0,3175,0,1797
2018-08-05,0,3179,0,1799
2018-08-06,0,3184,0,1802
2018-08-07,0,3190,0,1807
2018-08-08,0,3193,0,1808
2018-08-09,0,3200,0,1813
2018-08-10,0,3207,0,1816
2018-08-11,0,3209,0,1824
2018-08-12,0,3211,0,1827
2018-08-13,0,3217,0,1837
2018-08-14,0,3224,0,1842
2018-08-15,0,3230,0,1854
2018-08-16,0,3235,0,1862
2018-08-17,0,3241,0,1863
2018-08-18,0,3245,0,1869
2018-08-19,0,3249,0,1879
2018-08-20,0,3255,0,1884
2018-08-21,0,3261,0,1885
2018-08-22,0,3267,0,1887
2018-08-23,0,3268,0,1889
2018-08-24,0,3271,0,1893
2018-08-25,0,3274,0,1897
2018-08-26,0,3280,0,1898
2018-08-27,0,3293,0,1899
2018-08-28,0,3302,0,1901
2018-08-29,0,3311,0,1902
2018-08-30,0,3318,0,1903
2018-08-31,0,3323,0,1907
2018-09-01,0,3326,0,1909
2018-09-02,0,3329,0,1912
2018-09-03,0,3332,0,1916
2018-09-04,0,3337,0,1919
2018-09-05,0,3340,0,1922
2018-09-06,0,3346,0,1924
2018-09-07,0,3348,0,1929
2018-09-08,0,3350,0,1935
2018-09-09,0,3356,0,1937
2018-09-10,0,3358,0,1943
2018-09-11,0,3366,0,1951
2018-09-12,0,3373,0,1961
2018-09-13,0,3378,0,1971
2018-09-14,0,3382,0,1974
2018-09-15,0,3384,0,1975
2018-09-16,0,3387,0,21630
2018-09-17,0,3394,0,1981
2018-09-18,0,3398,0,1984
2018-09-19,0,3401,0,1990
2018-09-20,0,3407,0,1993
2018-09-21,0,3413,0,1994
2018-09-22,0,3415,0,21630
2018-09-23,0,3416,0,1995
2018-09-24,0,3425,0,21630
2018-09-25,0,3429,0,1996
2018-09-26,0,3435,0,2000
2018-09-27,0,3442,0,2001
2018-09-28,0,3453,0,2005
2018-09-29,0,3457,0,2006
2018-09-30,0,3458,0,2012
2018-10-01,0,3460,0,2018
2018-10-02,0,3469,0,2024
2018-10-03,0,3474,0,2029
2018-10-04,0,3480,0,2031
2018-10-05,0,3485,0,2035
2018-10-06,0,3485,0,2037
2018-10-07,0,3487,0,2039
2018-10-08,0,3490,0,2042
2018-10-09,0,3494,0,2048
2018-10-10,0,3501,0,2051
2018-10-11,0,3507,0,2052
2018-10-12,0,3511,0,2057
2018-10-14,0,3515,0,2061
2018-10-15,0,3520,0,2062
2018-10-16,0,3524,0,2064
2018-10-17,0,3526,0,2068
2018-10-18,0,3540,0,2071
2018-10-19,0,3553,0,2073
2018-10-20,0,3560,0,2075
2018-10-21,0,3579,0,2079
2018-10-22,0,3610,0,2082
2018-10-23,0,3626,0,2084
2018-10-24,0,3638,0,2085
2018-10-25,0,3645,0,2089
2018-10-26,0,3652,0,2092
2018-10-27,0,3660,0,2094
2018-10-28,0,3663,0,2096
2018-10-29,0,3667,0,2098
2018-10-30,0,3676,0,2100
2018-10-31,0,3680,0,21630
2018-11-01,0,3685,0,21630
2018-11-02,0,3689,0,2102
2018-11-03,0,3694,0,2104
2018-11-05,0,3701,0,2126
2018-11-06,0,3706,0,2128
2018-11-07,0,3715,0,2136
2018-11-08,0,3724,0,2139
2018-11-09,0,3728,0,2144
2018-11-10,0,3734,0,2145
2018-11-11,0,3738,0,2151
2018-11-12,0,3749,0,2153
2018-11-13,0,3752,0,2157
2018-11-14,0,3761,0,2160
2018-11-15,0,3768,0,2164
2018-11-16,0,3772,0,2167
2018-11-17,0,3773,0,2169
2018-11-18,0,3778,0,2174
2018-11-19,0,3790,0,2178
2018-11-20,0,3796,0,2179
2018-11-21,0,3803,0,2182
2018-11-22,0,3808,0,2183
2018-11-23,0,3812,0,21630
2018-11-24,0,3814,0,2191
2018-11-25,0,3816,0,21630
2018-11-26,0,3822,0,2195
2018-11-27,0,3827,0,2196
2018-11-28,0,3833,0,2197
2018-11-29,0,3844,0,2205
2018-11-30,0,3846,0,2207
2018-12-01,0,3849,0,2210
2018-12-02,0,3854,0,2213
2018-12-03,0,3855,0,2218
2018-12-04,0,3863,0,2224
2018-12-05,0,3870,0,21630
2018-12-06,0,3873,0,21630
2018-12-07,0,3877,0,2228
2018-12-08,0,3877,0,2230
2018-12-09,0,3880,0,2235
2018-12-10,0,3883,0,2239
2018-12-11,0,3888,0,2241
2018-12-12,0,3894,0,2246
2018-12-13,0,3899,0,2251
2018-12-14,0,3903,0,2252
2018-12-15,0,3905,0,2255
2018-12-16,0,3908,0,2256
2018-12-17,0,3914,0,2257
2018-12-18,0,3919,0,2258
2018-12-19,0,3924,0,2262
2018-12-20,0,3928,0,2264
2018-12-21,0,3932,0,2268
2018-12-22,0,3935,0,2270
2018-12-23,0,3938,0,21630
2018-12-24,0,3945,0,2274
2018-12-25,0,3946,0,2275
2018-12-26,0,3949,0,2276
2018-12-27,0,3955,0,2279
2018-12-28,0,3960,0,2280
2018-12-29,0,3963,0,2281
2018-12-31,0,3967,0,2289
2019-01-01,0,3969,0,2292
2019-01-02,0,3976,0,2298
2019-01-03,0,3982,0,2299
2019-01-04,0,3987,0,2302
2019-01-05,0,3992,0,2303
2019-01-06,0,3995,0,21630
2019-01-07,0,3996,0,2307
2019-01-08,0,4005,0,2310
2019-01-09,0,4014,0,2316
2019-01-10,0,4017,0,2321
2019-01-11,0,4019,0,2325
2019-01-12,0,4020,0,2330
2019-01-13,0,4025,0,2331
2019-01-14,0,4027,0,2334
2019-01-15,0,4034,0,2337
2019-01-16,0,4042,0,2340
2019-01-17,0,4046,0,2345
2019-01-18,0,4055,0,2348
2019-01-19,0,4058,0,2352
2019-01-20,0,4061,0,2354
2019-01-21,0,4069,0,2358
2019-01-22,0,4074,0,2359
2019-01-23,0,4078,0,2364
2019-01-24,0,4154,0,2365
2019-01-25,0,4171,0,2367
2019-01-26,0,4180,0,21630
2019-01-27,0,4184,0,2371
2019-01-28,0,4193,0,2373
2019-01-29,0,4208,0,2377
2019-01-30,0,4216,0,2379
2019-01-31,0,4225,0,2384
2019-02-01,0,4229,0,2386
2019-02-02,0,4233,0,2389
2019-02-03,0,4234,0,2393
2019-02-04,0,4244,0,2395
2019-02-05,0,4252,0,2401
2019-02-06,0,4254,0,2407
2019-02-07,0,4262,0,2408
2019-02-08,0,4264,0,2411
2019-02-09,0,4265,0,2413
2019-02-10,0,4266,0,2417
2019-02-11,0,4271,0,2420
2019-02-12,0,4282,0,2423
2019-02-13,0,4292,0,2424
2019-02-14,0,4298,0,2426
2019-02-15,0,4303,0,2430
2019-02-16,0,4310,0,2433
2019-02-17,0,4315,0,2436
2019-02-18,0,4326,0,2438
2019-02-19,0,4330,0,2440
2019-02-20,0,4339,0,2443
2019-02-21,0,4342,0,2451
2019-02-22,0,4347,0,2453
2019-02-24,0,4354,0,2455
2019-02-25,0,4360,0,2457
2019-02-26,0,4365,0,2464
2019-02-27,0,4369,0,2471
2019-02-28,0,4376,0,2488
2019-03-01,0,4382,0,2490
2019-03-02,0,4384,0,2495
2019-03-03,0,4387,0,2500
2019-03-04,0,4392,0,2510
2019-03-05,0,4403,0,2523
2019-03-06,0,4411,0,2530
2019-03-07,0,4416,0,2535
2019-03-08,0,4420,0,2536
2019-03-09,0,4423,0,2538
2019-03-10,0,4427,0,2540
2019-03-11,0,4433,0,2543
2019-03-12,0,4444,0,2550
2019-03-13,0,4454,0,2553
2019-03-14,0,4464,0,2556
2019-03-15,0,4469,0,2558
2019-03-16,0,4473,0,2562
2019-03-17,0,4474,0,2570
2019-03-18,0,4481,0,2572
2019-03-19,0,4488,0,2581
2019-03-20,0,4491,0,2589
2019-03-21,0,4503,0,2591
2019-03-22,0,4511,0,2596
2019-03-23,0,4515,0,2598
2019-03-24,0,4516,0,2602
2019-03-25,0,4526,0,2607
2019-03-26,0,4531,0,2609
2019-03-27,0,4537,0,2611
2019-03-28,0,4547,0,2613
2019-03-29,0,4553,0,2621
2019-03-30,0,4560,0,2623
2019-03-31,0,4564,0,2624
2019-04-01,0,4570,0,2627
2019-04-02,0,4575,0,2630
2019-04-03,0,4577,0,2638
2019-04-04,0,4582,0,2640
2019-04-05,0,4584,0,21630
2019-04-06,0,4589,0,2642
2019-04-07,0,4591,0,2643
2019-04-08,0,4598,0,2652
2019-04-09,0,4606,0,2659
2019-04-10,0,4611,0,2662
2019-04-11,0,4614,0,2668
2019-04-12,0,4617,0,2673
2019-04-13,0,4621,0,2675
2019-04-14,0,4626,0,2683
2019-04-15,0,4630,0,2695
2019-04-16,0,4634,0,2700
2019-04-17,0,4638,0,2703
2019-04-18,0,4642,0,2709
2019-04-19,0,4645,0,2711
2019-04-20,0,4647,0,2716
2019-04-21,0,4650,0,2718
2019-04-22,0,4657,0,2721
2019-04-23,0,4662,0,2730
2019-04-24,0,4666,0,2744
2019-04-25,0,4667,0,2750
2019-04-26,0,4675,0,2751
2019-04-27,0,4677,0,2754
2019-04-28,0,4678,0,2758
2019-04-29,0,4682,0,2761
2019-04-30,0,4684,0,2766
2019-05-01,0,4690,0,2771
2019-05-02,0,4702,0,2776
2019-05-03,0,4711,0,2778
2019-05-04,0,4715,0,2781
2019-05-05,0,4715,0,2787
2019-05-06,0,4722,0,2790
2019-05-07,0,4728,0,2795
2019-05-08,0,4730,0,2797
2019-05-09,0,4733,0,2801
2019-05-10,0,4738,0,2803
2019-05-11,0,4741,0,2810
2019-05-12,0,4743,0,2811
2019-05-13,0,4749,0,2820
2019-05-14,0,4759,0,2827
2019-05-15,0,4764,0,2828
2019-05-16,0,4771,0,2838
2019-05-17,0,4776,0,2843
2019-05-18,0,4778,0,2846
2019-05-19,0,4780,0,2852
2019-05-20,0,4787,0,2860
2019-05-21,0,4795,0,2870
2019-05-22,0,4799,0,2873
2019-05-23,0,4804,0,2878
2019-05-24,0,4808,0,2881
2019-05-25,0,4809,0,2882
2019-05-26,0,4812,0,21630
2019-05-27,0,4821,0,2890
2019-05-28,0,4824,0,2893
2019-05-29,0,4831,0,2900
2019-05-30,0,4835,0,2914
2019-05-31,0,4840,0,2918
2019-06-01,0,4843,0,21630
2019-06-02,0,4849,0,2920
2019-06-03,0,4852,0,2923
2019-06-04,0,4858,0,2924
2019-06-05,0,4866,0,2929
2019-06-06,0,4872,0,2934
2019-06-07,0,4876,0,2941
2019-06-08,0,4878,0,2947
2019-06-09,0,4878,0,2950
2019-06-10,0,4880,0,2953
2019-06-11,0,4886,0,2955
2019-06-12,0,4896,0,2957
2019-06-13,0,4904,0,2960
2019-06-14,0,4911,0,2963
2019-06-15,0,4912,0,2966
2019-06-16,0,4915,0,2970
2019-06-17,0,4920,0,2974
2019-06-18,0,4922,0,2981
2019-06-19,0,4929,0,2986
2019-06-20,0,4930,0,2987
2019-06-21,0,4934,0,2989
2019-06-22,0,4938,0,2991
2019-06-23,0,4939,0,2996
2019-06-24,0,4950,0,3001
2019-06-25,0,4955,0,3005
2019-06-26,0,4962,0,21630
2019-06-27,0,4965,0,3008
2019-06-28,0,4970,0,3010
2019-06-29,0,4974,0,3012
2019-06-30,0,4979,0,3014
2019-07-01,0,4986,0,3021
2019-07-02,0,4991,0,3024
2019-07-03,0,5003,0,3025
2019-07-04,0,5010,0,3028
2019-07-05,0,5011,0,3031
2019-07-06,0,5015,0,3035
2019-07-07,0,5017,0,3038
2019-07-08,0,5023,0,3044
2019-07-09,0,5030,0,3047
2019-07-10,0,5035,0,3048
2019-07-11,0,5038,0,3052
2019-07-12,0,5049,0,3056
2019-07-13,0,5065,0,3060
2019-07-14,0,5077,0,3065
2019-07-15,0,5103,0,3068
2019-07-16,0,5111,0,3070
2019-07-17,0,5125,0,3076
2019-07-18,0,5130,0,3079
2019-07-19,0,5136,0,3080
2019-07-20,0,5139,0,3083
2019-07-21,0,5140,0,3085
2019-07-22,0,5150,0,3089
2019-07-23,0,5161,0,3094
2019-07-24,0,5164,0,3096
2019-07-25,0,5174,0,3099
2019-07-26,0,5182,0,3102
2019-07-27,0,5186,0,3106
2019-07-28,0,5191,0,3108
2019-07-29,0,5196,0,3112
2019-07-30,0,5202,0,3115
2019-07-31,0,5214,0,3116
2019-08-01,0,5219,0,3119
2019-08-02,0,5223,0,3125
2019-08-03,0,5228,0,3128
2019-08-04,0,5234,0,3129
2019-08-05,0,5239,0,3135
2019-08-06,0,5240,0,21630
2019-08-07,0,5248,0,3138
2019-08-08,0,5252,0,3140
2019-08-09,0,5259,0,3144
2019-08-10,0,5266,0,3150
2019-08-11,0,5272,0,3155
2019-08-12,0,5278,0,3162
2019-08-13,0,5285,0,3165
2019-08-14,0,5291,0,3167
2019-08-15,0,5293,0,3170
2019-08-16,0,5295,0,3176
2019-08-17,0,5302,0,3182
2019-08-18,0,5304,0,3183
2019-08-19,0,5311,0,3191
2019-08-20,0,5320,0,3196
2019-08-21,0,5323,0,3197
2019-08-22,0,5326,0,3200
2019-08-23,0,5330,0,3201
2019-08-24,0,5338,0,3202
2019-08-25,0,5338,0,3206
2019-08-26,0,5348,0,3211
2019-08-27,0,5356,0,3214
2019-08-28,0,5364,0,3218
2019-08-29,0,5377,0,3226
2019-08-30,0,5381,0,3231
2019-08-31,0,5383,0,3234
2019-09-01,0,5390,0,3241
2019-09-02,0,5395,0,3244
2019-09-03,0,5404,0,3245
2019-09-04,0,5413,0,3247
2019-09-05,0,5420,0,3253
2019-09-06,0,5426,0,3257
2019-09-07,0,5431,0,3258
2019-09-08,0,5435,0,21630
2019-09-09,0,5438,0,3261
2019-09-10,0,5444,0,3262
2019-09-11,0,5450,0,3265
2019-09-12,0,5456,0,21630
2019-09-13,0,5460,0,3266
2019-09-14,0,5461,0,3267
2019-09-15,0,5464,0,3270
2019-09-16,0,5469,0,3273
2019-09-17,0,5472,0,3279
2019-09-18,0,5477,0,3283
2019-09-19,0,5485,0,3289
2019-09-20,0,5491,0,3294
2019-09-21,0,5494,0,3295
2019-09-22,0,5496,0,3296
2019-09-23,0,5505,0,3301
2019-09-24,0,5516,0,21630
2019-09-25,0,5523,0,3305
2019-09-26,0,5531,0,3308
2019-09-27,0,5539,0,3312
2019-09-28,0,5543,0,3316
2019-09-29,0,5544,0,3320
2019-09-30,0,5546,0,21630
2019-10-01,0,5554,0,3322
2019-10-02,0,5563,0,3325
2019-10-03,0,5569,0,3327
2019-10-04,0,5578,0,3329
2019-10-05,0,5582,0,3331
2019-10-06,0,5586,0,3333
2019-10-07,0,5587,0,3339
2019-10-08,0,5591,0,3343
2019-10-09,0,5594,0,3346
2019-10-10,0,5604,0,3350
2019-10-11,0,5610,0,3352
2019-10-12,0,5613,0,3357
2019-10-13,0,5619,0,3361
2019-10-14,0,5623,0,3362
2019-10-15,0,5630,0,3367
2019-10-16,0,5634,0,3371
2019-10-17,0,5636,0,3374
2019-10-18,0,5639,0,3377
2019-10-19,0,5641,0,3381
2019-10-20,0,5645,0,3385
2019-10-21,0,5652,0,3390
2019-10-22,0,5658,0,21630
2019-10-23,0,5672,0,3393
2019-10-24,0,5676,0,21630
2019-10-25,0,5680,0,3395
2019-10-26,0,5680,0,3400
2019-10-27,0,5684,0,3403
2019-10-28,0,5690,0,3408
2019-10-29,0,5700,0,3411
2019-10-30,0,5706,0,3415
2019-10-31,0,5713,0,3416
2019-11-01,0,5718,0,3421
2019-11-02,0,5721,0,3422
2019-11-03,0,5723,0,3425
2019-11-04,0,5732,0,3429
2019-11-05,0,5738,0,3431
2019-11-06,0,5748,0,3434
2019-11-07,0,5754,0,3438
2019-11-08,0,5761,0,3443
2019-11-09,0,5762,0,3447
2019-11-10,0,5763,0,3452
2019-11-11,0,5766,0,21630
2019-11-12,0,5771,0,3462
2019-11-13,0,5785,0,3469
2019-11-14,0,5794,0,3473
2019-11-15,0,5797,0,3478
2019-11-16,0,5802,0,3479
2019-11-17,0,5805,0,3482
2019-11-18,0,5813,0,3485
2019-11-19,0,5819,0,3488
2019-11-20,0,5825,0,3496
2019-11-21,0,5830,0,3497
2019-11-22,0,5847,0,3500
2019-11-23,0,5855,0,3501
2019-11-24,0,5859,0,3502
2019-11-25,0,5873,0,3507
2019-11-26,0,5881,0,3510
2019-11-27,0,5893,0,3516
2019-11-28,0,5900,0,3519
2019-11-29,0,5901,0,3520
2019-11-30,0,5904,0,3522
2019-12-01,0,5911,0,3523
2019-12-02,0,5922,0,3526
2019-12-03,0,5927,0,3528
2019-12-04,0,5931,0,3529
2019-12-05,0,5940,0,3531
2019-12-06,0,5949,0,3536
2019-12-07,0,5953,0,3540
2019-12-08,0,5955,0,3541
2019-12-09,0,5962,0,3542
2019-12-10,0,5966,0,3544
2019-12-11,0,5973,0,3545
2019-12-12,0,5977,0,3550
2019-12-13,0,5983,0,3552
2019-12-14,0,5990,0,3554
2019-12-15,0,5992,0,3559
2019-12-16,0,6003,0,3566
2019-12-17,0,6012,0,3569
2019-12-18,0,6022,0,3572
2019-12-19,0,6029,0,3574
2019-12-20,0,6032,0,3577
2019-12-21,0,6038,0,3578
2019-12-22,0,6044,0,3582
2019-12-23,0,6045,0,3586
2019-12-24,0,6053,0,3588
2019-12-25,0,6056,0,3592
2019-12-26,0,6064,0,3594
2019-12-27,0,6073,0,3599
2019-12-28,0,6078,0,3601
2019-12-29,0,6078,0,3606
2019-12-30,0,6083,0,3607
2019-12-31,0,6088,0,3609
2020-01-01,0,6090,0,3612
2020-01-02,0,6094,0,3619
2020-01-03,0,6100,0,3624
2020-01-04,0,6104,0,3627
2020-01-05,0,6108,0,3632
2020-01-06,0,6114,0,3634
2020-01-07,0,6124,0,3637
2020-01-08,0,6127,0,3641
2020-01-09,0,6133,0,3643
2020-01-10,0,6140,0,3645
2020-01-11,0,6142,0,3647
2020-01-12,0,6147,0,3651
2020-01-13,0,6150,0,3656
2020-01-14,0,6157,0,3661
2020-01-15,0,6171,0,3665
2020-01-16,0,6178,0,21630
2020-01-17,0,6186,0,21630
2020-01-18,0,6188,0,3668
2020-01-19,0,6191,0,3671
2020-01-20,0,6195,0,3672
2020-01-21,0,6200,0,3676
2020-01-22,0,6207,0,3680
2020-01-23,0,6210,0,3681
2020-01-24,0,6224,0,3682
2020-01-25,0,6227,0,3684
2020-01-26,0,6230,0,3685
2020-01-27,0,6235,0,3691
2020-01-28,0,6241,0,3692
2020-01-29,0,6245,0,3698
2020-01-30,0,6252,0,3704
2020-01-31,0,6259,0,3706
2020-02-01,0,6263,0,3713
2020-02-02,0,6269,0,3718
2020-02-03,0,6279,0,3722
2020-02-04,0,6282,0,21630
2020-02-05,0,6284,0,3726
2020-02-06,0,6288,0,3729
2020-02-07,0,6298,0,3731
2020-02-08,0,6303,0,3732
2020-02-09,0,6306,0,3733
2020-02-10,0,6311,0,3735
2020-02-11,0,6321,0,3739
2020-02-12,0,6329,0,3746
2020-02-13,0,6339,0,3750
2020-02-14,0,6344,0,3754
2020-02-15,0,6349,0,3756
2020-02-16,0,6351,0,3757
2020-02-17,0,6355,0,3759
2020-02-18,0,6369,0,3763
2020-02-19,0,6382,0,3767
2020-02-20,0,6391,0,3773
2020-02-21,0,6399,0,3778
2020-02-22,0,6404,0,3779
2020-02-23,0,6410,0,3782
2020-02-24,0,6415,0,3787
2020-02-25,0,6426,0,3793
2020-02-26,0,6431,0,3795
2020-02-27,0,6437,0,3800
2020-02-28,0,6444,0,3804
2020-02-29,0,6452,0,3807
2020-03-01,0,6454,0,3811
2020-03-02,0,6459,0,3815
2020-03-03,0,6463,0,3823
2020-03-04,0,6468,0,3825
2020-03-05,0,6479,0,3828
2020-03-06,0,6485,0,3833
2020-03-07,0,6489,0,3838
2020-03-08,0,6494,0,3840
2020-03-09,0,6500,0,3842
2020-03-10,0,6503,0,3843
2020-03-11,0,6512,0,3845
2020-03-12,0,6516,0,21630
2020-03-13,0,6521,0,3848
2020-03-14,0,6524,0,3852
2020-03-15,0,6530,0,3853
2020-03-16,0,6533,0,3855
2020-03-17,0,6537,0,3856
2020-03-18,0,6542,0,3863
2020-03-19,0,6549,0,3867
2020-03-20,0,6559,0,3870
2020-03-21,0,6561,0,3871
2020-03-22,0,6568,0,3873
2020-03-23,0,6575,0,3875
2020-03-24,0,6578,0,3879
2020-03-25,0,6581,0,3881
2020-03-26,0,6587,0,3882
2020-03-27,0,6592,0,3884
2020-03-28,0,6596,0,3886
2020-03-29,0,6602,0,3889
2020-03-30,0,6611,0,3891
2020-03-31,0,6616,0,3893
2020-04-01,0,6622,0,3895
2020-04-02,0,6629,0,3900
2020-04-03,0,6635,0,3903
2020-04-04,0,6641,0,3908
2020-04-05,0,6651,0,3911
2020-04-06,0,6658,0,3915
2020-04-07,0,6665,0,3917
2020-04-08,0,6677,0,3922
2020-04-09,0,6686,0,3924
2020-04-10,0,6691,0,3928
2020-04-11,0,6697,0,3932
2020-04-12,0,6704,0,21630
2020-04-13,0,6712,0,3935
2020-04-14,0,6726,0,3939
2020-04-15,0,6736,0,3941
2020-04-16,0,6746,0,3942
2020-04-17,0,6758,0,3945
2020-04-18,0,6771,0,3948
2020-04-19,0,6775,0,3950
2020-04-20,0,6793,0,3954
2020-04-21,0,6803,0,3959
2020-04-22,0,6811,0,3968
2020-04-23,0,6821,0,3970
2020-04-24,0,6828,0,3973
2020-04-25,0,6833,0,3977
2020-04-26,0,6844,0,3981
2020-04-27,0,6860,0,3984
2020-04-28,0,6870,0,3987
2020-04-29,0,6878,0,3993
2020-04-30,0,6889,0,4000
2020-05-01,0,6897,0,4004
2020-05-02,0,6902,0,21630
2020-05-03,0,6910,0,4007
2020-05-04,0,6917,0,4009
2020-05-05,0,6925,0,4014
2020-05-06,0,6936,0,4017
2020-05-07,0,6947,0,4022
2020-05-08,0,6957,0,4025
2020-05-09,0,6964,0,4031
2020-05-10,0,6970,0,4034
2020-05-11,0,6980,0,4042
2020-05-12,0,6986,0,4052
2020-05-13,0,6995,0,4059
2020-05-14,0,7020,0,4063
2020-05-15,0,7035,0,4072
2020-05-16,0,7042,0,4074
2020-05-17,0,7049,0,4075
2020-05-18,0,7069,0,4079
2020-05-19,0,7078,0,4082
2020-05-20,0,7086,0,4086
2020-05-21,0,7095,0,4089
2020-05-22,0,7106,0,4094
2020-05-23,0,7121,0,4099
2020-05-24,0,7132,0,4104
2020-05-25,0,7141,0,4109
2020-05-26,0,7149,0,4114
2020-05-27,0,7157,0,4117
2020-05-28,0,7167,0,4122
2020-05-29,0,7174,0,4125
2020-05-30,0,7180,0,4129
2020-05-31,0,7185,0,4138
2020-06-01,0,7193,0,4145
2020-06-02,0,7204,0,4147
2020-06-03,0,7214,0,4155
2020-06-04,0,7219,0,4160
2020-06-05,0,7227,0,4162
2020-06-06,0,7228,0,4166
2020-06-07,0,7234,0,4174
2020-06-08,0,7240,0,4181
2020-06-09,0,7248,0,4182
2020-06-10,0,7262,0,4189
2020-06-11,0,7272,0,4195
2020-06-12,0,7279,0,4198
2020-06-13,0,7288,0,4214
2020-06-14,0,7292,0,4223
2020-06-15,0,7298,0,4227
2020-06-16,0,7306,0,4233
2020-06-17,0,7309,0,4238
2020-06-18,0,7317,0,4239
2020-06-19,0,7323,0,4243
2020-06-20,0,7326,0,4246
2020-06-21,0,7332,0,4250
2020-06-22,0,7344,0,4253
2020-06-23,0,7353,0,4262
2020-06-24,0,7359,0,4266
2020-06-25,0,7371,0,4270
2020-06-26,0,7381,0,4274
2020-06-27,0,7388,0,4275
2020-06-28,0,7393,0,4277
2020-06-29,0,7403,0,4280
2020-06-30,0,7412,0,4283
2020-07-01,0,7419,0,4286
2020-07-02,0,7434,0,4295
2020-07-03,0,7443,0,4301
2020-07-04,0,7451,0,4305
2020-07-05,0,7460,0,4311
2020-07-06,0,7470,0,4319
2020-07-07,0,7473,0,4326
2020-07-08,0,7477,0,4333
2020-07-09,0,7484,0,4337
2020-07-10,0,7492,0,4345
2020-07-11,0,7498,0,4351
2020-07-12,0,7504,0,21630
2020-07-13,0,7512,0,4356
2020-07-14,0,7517,0,4360
2020-07-15,0,7522,0,4364
2020-07-16,0,7530,0,4372
2020-07-17,0,7534,0,4377
2020-07-18,0,7537,0,4381
2020-07-19,0,7541,0,4382
2020-07-20,0,7554,0,4387
2020-07-21,0,7565,0,4390
2020-07-22,0,7568,0,4396
2020-07-23,0,7573,0,4407
2020-07-24,0,7579,0,4413
2020-07-25,0,7581,0,4418
2020-07-26,0,7584,0,4419
2020-07-27,0,7590,0,4421
2020-07-28,0,7595,0,4424
2020-07-29,0,7600,0,4429
2020-07-30,0,7608,0,4432
2020-07-31,0,7617,0,4435
2020-08-01,0,7619,0,4437
2020-08-02,0,7623,0,21630
2020-08-03,0,7633,0,4439
2020-08-04,0,7640,0,4446
2020-08-05,0,7646,0,4451
2020-08-06,0,7653,0,4456
2020-08-07,0,7662,0,4463
2020-08-08,0,7671,0,4466
2020-08-09,0,7674,0,4467
2020-08-10,0,7679,0,4470
2020-08-11,0,7684,0,4472
2020-08-12,0,7692,0,4474
2020-08-13,0,7695,0,4485
2020-08-14,0,7701,0,4488
2020-08-15,0,7709,0,4490
2020-08-16,0,7713,0,4497
2020-08-17,0,7717,0,4500
2020-08-18,0,7727,0,4507
2020-08-19,0,7735,0,4511
2020-08-20,0,7741,0,4513
2020-08-21,0,7748,0,4516
2020-08-22,0,7755,0,4520
2020-08-23,0,7760,0,4521
2020-08-24,0,7773,0,4528
2020-08-25,0,7782,0,4533
2020-08-26,0,7790,0,4536
2020-08-27,0,7800,0,4537
2020-08-28,0,7807,0,4539
2020-08-29,0,7812,0,4542
2020-08-30,0,7815,0,4545
2020-08-31,0,7820,0,4547
2020-09-01,0,7831,0,4553
2020-09-02,0,7843,0,4557
2020-09-03,0,7863,0,4560
2020-09-04,0,7878,0,4561
2020-09-05,0,7881,0,4562
2020-09-06,0,7885,0,4565
2020-09-07,0,7892,0,4568
2020-09-08,0,7901,0,4570
2020-09-09,0,7905,0,4574
2020-09-10,0,7915,0,4576
2020-09-11,0,7923,0,4578
2020-09-12,0,7929,0,4584
2020-09-13,0,7934,0,4587
2020-09-14,0,7944,0,4594
2020-09-15,0,7951,0,4596
2020-09-16,0,7955,0,4598
2020-09-17,0,7963,0,4601
2020-09-18,0,7972,0,4605
2020-09-19,0,7974,0,4609
2020-09-20,0,7980,0,4614
2020-09-21,0,7986,0,4620
2020-09-22,0,7992,0,4623
2020-09-23,0,8000,0,4624
2020-09-24,0,8006,0,4628
2020-09-25,0,8008,0,4634
2020-09-26,0,8015,0,4638
2020-09-27,0,8020,0,4640
2020-09-28,0,8026,0,4643
2020-09-29,0,8032,0,4648
2020-09-30,0,8037,0,4651
2020-10-01,0,8047,0,4654
2020-10-02,0,8054,0,4658
2020-10-03,0,8060,0,4662
2020-10-04,0,8065,0,4670
2020-10-05,0,8076,0,4678
2020-10-06,0,8086,0,4684
2020-10-07,0,8096,0,4693
2020-10-08,0,8102,0,4698
2020-10-09,0,8111,0,4699
2020-10-10,0,8117,0,4701
2020-10-11,0,8125,0,4707
2020-10-12,0,8134,0,4709
2020-10-13,0,8137,0,4713
2020-10-14,0,8144,0,4716
2020-10-15,0,8152,0,4719
2020-10-16,0,8159,0,4728
2020-10-17,0,8160,0,4733
2020-10-18,0,8161,0,4735
2020-10-19,0,8170,0,4742
2020-10-20,0,8179,0,4747
2020-10-21,0,8185,0,4751
2020-10-22,0,8194,0,4755
2020-10-23,0,8207,0,4760
2020-10-24,0,8214,0,4762
2020-10-25,0,8218,0,4769
2020-10-26,0,8223,0,4771
2020-10-27,0,8230,0,4776
2020-10-28,0,8235,0,4783
2020-10-29,0,8246,0,4789
2020-10-30,0,8265,0,4792
2020-10-31,0,8273,0,4794
2020-11-01,0,8274,0,4801
2020-11-02,0,8284,0,4808
2020-11-03,0,8292,0,4812
2020-11-04,0,8297,0,4815
2020-11-05,0,8302,0,4820
2020-11-06,0,8309,0,4822
2020-11-07,0,8317,0,21630
2020-11-08,0,8325,0,4826
2020-11-09,0,8330,0,4835
2020-11-10,0,8338,0,4844
2020-11-11,0,8348,0,4855
2020-11-12,0,8356,0,4860
2020-11-13,0,8371,0,4870
2020-11-14,0,8374,0,4874
2020-11-15,0,8379,0,4877
2020-11-16,0,8397,0,21630
2020-11-17,0,8410,0,4879
2020-11-18,0,8421,0,4883
2020-11-19,0,8430,0,4889
2020-11-20,0,8435,0,4895
2020-11-21,0,8438,0,4902
2020-11-22,0,8440,0,4903
2020-11-23,0,8449,0,4908
2020-11-24,0,8456,0,4916
2020-11-25,0,8461,0,4922
2020-11-26,0,8471,0,4926
2020-11-27,0,8481,0,4934
2020-11-28,0,8488,0,4937
2020-11-29,0,8491,0,4943
2020-11-30,0,8495,0,4951
2020-12-01,0,8499,0,4955
2020-12-02,0,8503,0,4966
2020-12-03,0,8507,0,4974
2020-12-04,0,8514,0,4979
2020-12-05,0,8522,0,4984
2020-12-06,0,8527,0,4987
2020-12-07,0,8534,0,4995
2020-12-08,0,8544,0,5001
2020-12-09,0,8556,0,5009
2020-12-10,0,8564,0,5015
2020-12-11,0,8569,0,5027
2020-12-12,0,8573,0,5032
2020-12-13,0,8579,0,5035
2020-12-14,0,8582,0,5042
2020-12-15,0,8590,0,5049
2020-12-16,0,8595,0,5055
2020-12-17,0,8601,0,5064
2020-12-18,0,8604,0,5071
2020-12-19,0,8614,0,5074
2020-12-20,0,8617,0,5078
2020-12-21,0,8619,0,5079
2020-12-22,0,8627,0,5084
2020-12-23,0,8635,0,5086
2020-12-24,0,8639,0,5091
2020-12-25,0,8647,0,5094
2020-12-26,0,8656,0,5099
2020-12-27,0,8668,0,5103
2020-12-28,0,8675,0,5107
2020-12-29,0,8683,0,5110
2020-12-30,0,8692,0,5112
2020-12-31,0,8696,0,5116
2021-01-01,0,8700,0,5122
2021-01-02,0,8708,0,5126
2021-01-03,0,8714,0,5133
2021-01-04,0,8716,0,5140
2021-01-05,0,8729,0,5147
2021-01-06,0,8739,0,5153
2021-01-07,0,8748,0,5157
2021-01-08,0,8758,0,5164
2021-01-09,0,8772,0,5172
2021-01-10,0,8779,0,5178
2021-01-11,0,8791,0,5180
2021-01-12,0,8797,0,5182
2021-01-13,0,8805,0,5186
2021-01-14,0,8815,0,5190
2021-01-15,0,8832,0,5195
2021-01-16,0,8840,0,5197
2021-01-17,0,8846,0,5200
2021-01-18,0,8859,0,5205
2021-01-19,0,8875,0,5213
2021-01-20,0,8884,0,5217
2021-01-21,0,8893,0,5222
2021-01-22,0,8903,0,5230
2021-01-23,0,8911,0,5238
2021-01-24,0,8917,0,5244
2021-01-25,0,8921,0,5256
2021-01-26,0,8925,0,5259
2021-01-27,0,8939,0,5264
2021-01-28,0,8945,0,5267
2021-01-29,0,8952,0,5271
2021-01-30,0,8957,0,5274
2021-01-31,0,8963,0,5278
2021-02-01,0,8971,0,5285
2021-02-02,0,8981,0,5288
2021-02-03,0,9056,0,5298
2021-02-04,0,9188,0,5302
2021-02-05,0,9236,0,5310
2021-02-06,0,9248,0,5318
2021-02-07,0,9272,0,5320
2021-02-08,0,9292,0,5328
2021-02-09,0,9307,0,5336
2021-02-10,0,9317,0,5343
2021-02-11,0,9329,0,5351
2021-02-12,0,9343,0,5357
2021-02-13,0,9352,0,5366
2021-02-14,0,9379,0,5369
2021-02-15,0,9397,0,5375
2021-02-16,0,9411,0,5380
2021-02-17,0,9427,0,5386
2021-02-18,0,9439,0,5393
2021-02-19,0,9453,0,5396
2021-02-20,0,9460,0,5402
2021-02-21,0,9465,0,5405
2021-02-22,0,9476,0,5410
2021-02-23,0,9490,0,5413
2021-02-24,0,9500,0,5414
2021-02-25,0,9511,0,5420
2021-02-26,0,9522,0,5424
2021-02-27,0,9530,0,5427
2021-02-28,0,9540,0,5431
2021-03-01,0,9553,0,5438
2021-03-02,0,9563,0,5442
2021-03-03,0,9573,0,5445
2021-03-04,0,9587,0,5448
2021-03-05,0,9595,0,5453
2021-03-06,0,9602,0,5461
2021-03-07,0,9613,0,5468
2021-03-08,0,9627,0,5473
2021-03-09,0,9635,0,5477
2021-03-10,0,9644,0,5481
2021-03-11,0,9651,0,5489
2021-03-12,0,9658,0,5499
2021-03-13,0,9668,0,5507
2021-03-14,0,9668,0,5510
2021-03-15,0,9677,0,5513
2021-03-16,0,9686,0,5522
2021-03-17,0,9701,0,5528
2021-03-18,0,9709,0,5532
2021-03-19,0,9714,0,5540
2021-03-20,0,9720,0,5544
2021-03-21,0,9723,0,5546
2021-03-22,0,9728,0,5550
2021-03-23,0,9734,0,5552
2021-03-24,0,9743,0,5558
2021-03-25,0,9752,0,5564
2021-03-26,0,9765,0,5568
2021-03-27,0,9768,0,5571
2021-03-28,0,9772,0,5573
2021-03-29,0,9783,0,5578
2021-03-30,0,9787,0,5579
2021-03-31,0,9793,0,5581
2021-04-01,0,9813,0,5585
2021-04-02,0,9830,0,5592
2021-04-03,0,9836,0,5599
2021-04-04,0,9843,0,5604
2021-04-05,0,9846,0,5608
2021-04-06,0,9855,0,5613
2021-04-07,0,9869,0,5620
2021-04-08,0,9883,0,5624
2021-04-09,0,9897,0,5629
2021-04-10,0,9903,0,5633
2021-04-11,0,9914,0,5636
2021-04-12,0,9930,0,5642
2021-04-13,0,9936,0,5648
2021-04-14,0,9945,0,5655
2021-04-15,0,9961,0,5661
2021-04-16,0,9976,0,5667
2021-04-17,0,9986,0,5671
2021-04-18,0,9990,0,5674
2021-04-19,0,10004,0,5677
2021-04-20,0,10018,0,5681
2021-04-21,0,10032,0,5686
2021-04-22,0,10050,0,5692
2021-04-23,0,10066,0,5694
2021-04-24,0,10076,0,5701
2021-04-25,0,10083,0,5702
2021-04-26,0,10092,0,5706
2021-04-27,0,10101,0,5711
2021-04-28,0,10108,0,5716
2021-04-29,0,10114,0,5718
2021-04-30,0,10121,0,5723
2021-05-01,0,10127,0,5729
2021-05-02,0,10137,0,5735
2021-05-03,0,10181,0,5740
2021-05-04,0,10190,0,5742
2021-05-05,0,10200,0,5744
2021-05-06,0,10206,0,5746
2021-05-07,0,10214,0,5756
2021-05-08,0,10222,0,5760
2021-05-09,0,10228,0,5767
2021-05-10,0,10236,0,5771
2021-05-11,0,10257,0,5778
2021-05-12,0,10272,0,5786
2021-05-13,0,10280,0,5791
2021-05-14,0,10283,0,5799
2021-05-15,0,10288,0,5805
2021-05-16,0,10295,0,5812
2021-05-17,0,10306,0,5815
2021-05-18,0,10318,0,5833
2021-05-19,0,10330,0,5837
2021-05-20,0,10339,0,5843
2021-05-21,0,10358,0,5851
2021-05-22,0,10364,0,5858
2021-05-23,0,10367,0,5861
2021-05-24,0,10380,0,5866
2021-05-25,0,10390,0,5874
2021-05-26,0,10395,0,5879
2021-05-27,0,10405,0,5883
2021-05-28,0,10413,0,5892
2021-05-29,0,10419,0,5898
2021-05-30,0,10427,0,5902
2021-05-31,0,10435,0,5907
2021-06-01,0,10444,0,5913
2021-06-02,0,10452,0,5927
2021-06-03,0,10460,0,5936
2021-06-04,0,10467,0,5945
2021-06-05,0,10472,0,5951
2021-06-06,0,10473,0,5957
2021-06-07,0,10481,0,5962
2021-06-08,0,10491,0,5972
2021-06-09,0,10498,0,5976
2021-06-10,0,10505,0,5982
2021-06-11,0,10521,0,5985
2021-06-12,0,10524,0,5989
2021-06-13,0,10531,0,5994
2021-06-14,0,10541,0,6001
2021-06-15,0,10551,0,6012
2021-06-16,0,10563,0,6017
2021-06-17,0,10577,0,6020
2021-06-18,0,10592,0,6026
2021-06-19,0,10595,0,6029
2021-06-20,0,10603,0,6038
2021-06-21,0,10611,0,6049
2021-06-22,0,10617,0,6058
2021-06-23,0,10631,0,6064
2021-06-24,0,10640,0,6069
2021-06-25,0,10649,0,6077
2021-06-26,0,10653,0,6083
2021-06-27,0,10660,0,6091
2021-06-28,0,10668,0,6094
2021-06-29,0,10676,0,6097
2021-06-30,0,10685,0,6100
2021-07-01,0,10693,0,6107
2021-07-02,0,10705,0,6110
2021-07-03,0,10708,0,6115
2021-07-04,0,10714,0,6120
2021-07-05,0,10727,0,6128
2021-07-06,0,10736,0,6131
2021-07-07,0,10748,0,6139
2021-07-08,0,10757,0,6147
2021-07-09,0,10765,0,6152
2021-07-10,0,10776,0,6156
2021-07-11,0,10787,0,6163
2021-07-12,0,10795,0,6168
2021-07-13,0,10803,0,6172
2021-07-14,0,10811,0,6181
2021-07-15,0,10820,0,6186
2021-07-16,0,10827,0,6190
2021-07-17,0,10832,0,6196
2021-07-18,0,10839,0,6202
2021-07-19,0,10847,0,6212
2021-07-20,0,10851,0,6216
2021-07-21,0,10863,0,6219
2021-07-22,0,10873,0,6221
2021-07-23,0,10882,0,6228
2021-07-24,0,10887,0,6233
2021-07-25,0,10895,0,6239
2021-07-26,0,10903,0,6247
2021-07-27,0,10913,0,6252
2021-07-28,0,10931,0,6257
2021-07-29,0,10940,0,6264
2021-07-30,0,10948,0,6269
2021-07-31,0,10958,0,6271
2021-08-01,0,10962,0,6275
2021-08-02,0,10975,0,6280
2021-08-03,0,10981,0,6290
2021-08-04,0,10989,0,6293
2021-08-05,0,10997,0,6297
2021-08-06,0,11008,0,6300
2021-08-07,0,11011,0,6304
2021-08-08,0,11015,0,6308
2021-08-09,0,11022,0,6315
2021-08-10,0,11036,0,6318
2021-08-11,0,11049,0,6326
2021-08-12,0,11060,0,6336
2021-08-13,0,11065,0,6338
2021-08-14,0,11068,0,6343
2021-08-15,0,11069,0,6348
2021-08-16,0,11081,0,6356
2021-08-17,0,11090,0,6361
2021-08-18,0,11101,0,6372
2021-08-19,0,11107,0,6373
2021-08-20,0,11121,0,6379
2021-08-21,0,11129,0,6386
2021-08-22,0,11132,0,6389
2021-08-23,0,11145,0,6394
2021-08-24,0,11155,0,6401
2021-08-25,0,11171,0,6406
2021-08-26,0,11178,0,6413
2021-08-27,0,11182,0,6421
2021-08-28,0,11188,0,6424
2021-08-29,0,11194,0,6426
2021-08-30,0,11208,0,6439
2021-08-31,0,11215,0,6443
2021-09-01,0,11222,0,6450
2021-09-02,0,11229,0,6456
2021-09-03,0,11240,0,6466
2021-09-04,0,11242,0,6468
2021-09-05,0,11245,0,6476
2021-09-06,0,11256,0,6479
2021-09-07,0,11260,0,6480
2021-09-08,0,11269,0,6487
2021-09-09,0,11278,0,6489
2021-09-10,0,11286,0,6496
2021-09-11,0,11292,0,6500
2021-09-12,0,11298,0,6505
2021-09-13,0,11307,0,6508
2021-09-14,0,11316,0,6512
2021-09-15,0,11324,0,6517
2021-09-16,0,11334,0,6523
2021-09-17,0,11340,0,6526
2021-09-18,0,11353,0,6537
2021-09-19,0,11357,0,6541
2021-09-20,0,11367,0,6553
2021-09-21,0,11376,0,6560
2021-09-22,0,11384,0,6565
2021-09-23,0,11392,0,6570
2021-09-24,0,11395,0,6573
2021-09-25,0,11402,0,6581
2021-09-26,0,11406,0,6587
2021-09-27,0,11413,0,6594
2021-09-28,0,11425,0,6601
2021-09-29,0,11436,0,6608
2021-09-30,0,11443,0,6611
2021-10-01,0,11450,0,6617
2021-10-02,0,11453,0,6624
2021-10-03,0,11457,0,6631
2021-10-04,0,11466,0,6642
2021-10-05,0,11475,0,6646
2021-10-06,0,11490,0,6654
2021-10-07,0,11497,0,6660
2021-10-08,0,11514,0,6665
2021-10-09,0,11521,0,6671
2021-10-10,0,11528,0,6676
2021-10-11,0,11530,0,6682
2021-10-12,0,11538,0,6688
2021-10-13,0,11547,0,6694
2021-10-14,0,11556,0,6700
2021-10-15,0,11565,0,6704
2021-10-16,0,11567,0,6710
2021-10-17,0,11572,0,6723
2021-10-18,0,11580,0,6737
2021-10-19,0,11591,0,6742
2021-10-20,0,11601,0,6749
2021-10-21,0,11611,0,6759
2021-10-22,0,11616,0,6769
2021-10-23,0,11621,0,6779
2021-10-24,0,11633,0,6785
2021-10-25,0,11644,0,6798
2021-10-26,0,11652,0,6805
2021-10-27,0,11658,0,6810
2021-10-28,0,11663,0,6820
2021-10-29,0,11671,0,6830
2021-10-30,0,11674,0,6836
2021-10-31,0,11679,0,6840
2021-11-01,0,11683,0,6850
2021-11-02,0,11691,0,6863
2021-11-03,0,11699,0,6872
2021-11-04,0,11704,0,6881
2021-11-05,0,11711,0,6888
2021-11-06,0,11718,0,6902
2021-11-07,0,11724,0,6912
2021-11-08,0,11734,0,6927
2021-11-09,0,11747,0,6933
2021-11-10,0,11753,0,6942
2021-11-11,0,11769,0,6948
2021-11-12,0,11782,0,6954
2021-11-13,0,11786,0,6961
2021-11-14,0,11790,0,6972
2021-11-15,0,11802,0,6989
2021-11-16,0,11816,0,6993
2021-11-17,0,11830,0,7003
2021-11-18,0,11844,0,7009
2021-11-19,0,11859,0,7018
2021-11-20,0,11863,0,7028
2021-11-21,0,11876,0,7037
2021-11-22,0,11888,0,7048
2021-11-23,0,11897,0,7054
2021-11-24,0,11904,0,7063
2021-11-25,0,11912,0,7074
2021-11-26,0,11916,0,7079
2021-11-27,0,11923,0,7088
2021-11-28,0,11929,0,7094
2021-11-29,0,11937,0,7101
2021-11-30,0,11949,0,7123
2021-12-01,0,11959,0,7134
2021-12-02,0,11969,0,7144
2021-12-03,0,11981,0,7150
2021-12-04,0,11993,0,7159
2021-12-05,0,12004,0,7168
2021-12-06,0,12021,0,7176
2021-12-07,0,12035,0,7190
2021-12-08,0,12046,0,7202
2021-12-09,0,12053,0,7204
2021-12-10,0,12060,0,7218
2021-12-11,0,12068,0,7223
2021-12-12,0,12079,0,7228
2021-12-13,0,12088,0,7235
2021-12-14,0,12097,0,7239
2021-12-15,0,12103,0,7249
2021-12-16,0,12112,0,7259
2021-12-17,0,12117,0,7268
2021-12-18,0,12127,0,7277
2021-12-19,0,12135,0,7292
2021-12-20,0,12148,0,7302
2021-12-21,0,12160,0,7312
2021-12-22,0,12169,0,7324
2021-12-23,0,12180,0,7334
2021-12-24,0,12183,0,7347
2021-12-25,0,12190,0,7353
2021-12-26,0,12200,0,7362
2021-12-27,0,12205,0,7375
2021-12-28,0,12216,0,7377
2021-12-29,0,12226,0,7383
2021-12-30,0,12232,0,7392
2021-12-31,0,12237,0,7396
2022-01-01,0,12243,0,7400
2022-01-02,0,12253,0,7407
2022-01-03,0,12265,0,7418
2022-01-04,0,12276,0,7423
2022-01-05,0,12282,0,7430
2022-01-06,0,12292,0,7437
2022-01-07,0,12304,0,7448
2022-01-08,0,12310,0,7461
2022-01-09,0,12321,0,7471
2022-01-10,0,12334,0,7480
2022-01-11,0,12350,0,7488
2022-01-12,0,12365,0,7495
2022-01-13,0,12376,0,7508
2022-01-14,0,12388,0,7521
2022-01-15,0,12392,0,7533
2022-01-16,0,12399,0,7539
2022-01-17,0,12406,0,7546
2022-01-18,0,12422,0,7559
2022-01-19,0,12434,0,7569
2022-01-20,0,12446,0,7582
2022-01-21,0,12458,0,7589
2022-01-22,0,12466,0,7598
2022-01-23,0,12475,0,7606
2022-01-24,0,12488,0,7614
2022-01-25,0,12496,0,7624
2022-01-26,0,12506,0,7633
2022-01-27,0,12511,0,7639
2022-01-28,0,12521,0,7648
2022-01-29,0,12529,0,7653
2022-01-30,0,12551,0,7655
2022-01-31,0,12559,0,7661
2022-02-01,0,12571,0,7671
2022-02-02,0,12590,0,7681
2022-02-03,0,12600,0,7691
2022-02-04,0,12606,0,7697
2022-02-05,0,12616,0,7702
2022-02-06,0,12620,0,7708
2022-02-07,0,12635,0,7713
2022-02-08,0,12646,0,7717
2022-02-09,0,12656,0,7725
2022-02-10,0,12672,0,7730
2022-02-11,0,12689,0,7749
2022-02-12,0,12693,0,7761
2022-02-13,0,12701,0,7768
2022-02-14,0,12719,0,7778
2022-02-15,0,12742,0,7787
2022-02-16,0,12767,0,7800
2022-02-17,0,12782,0,7810
2022-02-18,0,12794,0,7817
2022-02-19,0,12806,0,7825
2022-02-20,0,12812,0,7834
2022-02-21,0,12819,0,7843
2022-02-22,0,12834,0,7855
2022-02-23,0,12854,0,7862
2022-02-24,0,12864,0,7869
2022-02-25,0,12875,0,7875
2022-02-26,0,12882,0,7882
2022-02-27,0,12887,0,7886
2022-02-28,0,12894,0,7890
2022-03-01,0,12911,0,7896
2022-03-02,0,12918,0,7903
2022-03-03,0,12927,0,7912
2022-03-04,0,12939,0,7920
2022-03-05,0,12946,0,7929
2022-03-06,0,12951,0,7933
2022-03-07,0,12962,0,7942
2022-03-08,0,12973,0,7954
2022-03-09,0,12986,0,7961
2022-03-10,0,12999,0,7970
2022-03-11,0,13009,0,7980
2022-03-12,0,13019,0,7983
2022-03-13,0,13022,0,7991
2022-03-14,0,13034,0,8002
2022-03-15,0,13044,0,8021
2022-03-16,0,13051,0,8029
2022-03-17,0,13059,0,8034
2022-03-18,0,13070,0,8037
2022-03-19,0,13076,0,8047
2022-03-20,0,13081,0,8054
2022-03-21,0,13091,0,8062
2022-03-22,0,13097,0,8068
2022-03-23,0,13108,0,8085
2022-03-24,0,13116,0,8096
2022-03-25,0,13123,0,8099
2022-03-26,0,13129,0,8108
2022-03-27,0,13136,0,8112
2022-03-28,0,13144,0,8119
2022-03-29,0,13159,0,8128
2022-03-30,0,13168,0,8134
2022-03-31,0,13180,0,8141
2022-04-01,0,13192,0,8148
2022-04-02,0,13199,0,8165
2022-04-03,0,13204,0,8174
2022-04-04,0,13209,0,8182
2022-04-05,0,13409,0,8187
2022-04-06,0,13500,0,8200
2022-04-07,0,13533,0,8209
2022-04-08,0,13558,0,8213
2022-04-09,0,13568,0,8216
2022-04-10,0,13589,0,8222
2022-04-11,0,13609,0,8229
2022-04-12,0,13627,0,8233
2022-04-13,0,13652,0,8238
2022-04-14,0,13667,0,8247
2022-04-15,0,13676,0,8252
2022-04-16,0,13695,0,8259
2022-04-17,0,13712,0,8271
2022-04-18,0,13728,0,8278
2022-04-19,0,13741,0,8292
2022-04-20,0,13758,0,8303
2022-04-21,0,13768,0,8314
2022-04-22,0,13778,0,8318
2022-04-23,0,13782,0,8330
2022-04-24,0,13793,0,8341
2022-04-25,0,13801,0,8346
2022-04-26,0,13812,0,8352
2022-04-27,0,13827,0,8360
2022-04-28,0,13841,0,8367
2022-04-29,0,13850,0,8376
2022-04-30,0,13855,0,8386
2022-05-01,0,13862,0,8399
2022-05-02,0,13876,0,8407
2022-05-03,0,13884,0,8411
2022-05-04,0,13892,0,8417
2022-05-05,0,13903,0,8422
2022-05-06,0,13917,0,8428
2022-05-07,0,13926,0,8434
2022-05-08,0,13936,0,8446
2022-05-09,0,13946,0,8452
2022-05-10,0,13960,0,8463
2022-05-11,0,13968,0,8468
2022-05-12,0,13984,0,8482
2022-05-13,0,13993,0,8492
2022-05-14,0,13999,0,8499
2022-05-15,0,14006,0,8502
2022-05-16,0,14014,0,8516
2022-05-17,0,14029,0,8520
2022-05-18,0,14040,0,8528
2022-05-19,0,14053,0,8532
2022-05-20,0,14068,0,8535
2022-05-21,0,14076,0,8541
2022-05-22,0,14086,0,8544
2022-05-23,0,14097,0,8560
2022-05-24,0,14109,0,8575
2022-05-25,0,14121,0,8593
2022-05-26,0,14133,0,8610
2022-05-27,0,14142,0,8618
2022-05-28,0,14154,0,8624
2022-05-29,0,14160,0,8627
2022-05-30,0,14165,0,8632
2022-05-31,0,14174,0,8639
2022-06-01,0,14181,0,8648
2022-06-02,0,14191,0,8658
2022-06-03,0,14196,0,8664
2022-06-04,0,14200,0,8671
2022-06-05,0,14206,0,8678
2022-06-06,0,14213,0,8684
2022-06-07,0,14220,0,8692
2022-06-08,0,14227,0,8698
2022-06-09,0,14238,0,8704
2022-06-10,0,14246,0,8713
2022-06-11,0,14256,0,8723
2022-06-12,0,14263,0,8731
2022-06-13,0,14274,0,8739
2022-06-14,0,14280,0,8748
2022-06-15,0,14287,0,8753
2022-06-16,0,14294,0,8759
2022-06-17,0,14302,0,8768
2022-06-18,0,14313,0,8772
2022-06-19,0,14319,0,8776
2022-06-20,0,14327,0,8781
2022-06-21,0,14339,0,8785
2022-06-22,0,14353,0,8791
2022-06-23,0,14359,0,8798
2022-06-24,0,14366,0,8807
2022-06-25,0,14373,0,8813
2022-06-26,0,14378,0,8823
2022-06-27,0,14391,0,8826
2022-06-28,0,14405,0,8832
2022-06-29,0,14410,0,8837
2022-06-30,0,14423,0,8844
2022-07-01,0,14429,0,8847
2022-07-02,0,14435,0,8854
2022-07-03,0,14441,0,8857
2022-07-04,0,14446,0,8861
2022-07-05,0,14454,0,8864
2022-07-06,0,14467,0,8875
2022-07-07,0,14484,0,8888
2022-07-08,0,14492,0,8895
2022-07-09,0,14497,0,8899
2022-07-10,0,14501,0,8904
2022-07-11,0,14509,0,8912
2022-07-12,0,14516,0,8922
2022-07-13,0,14523,0,8925
2022-07-14,0,14531,0,8928
2022-07-15,0,14541,0,8932
2022-07-16,0,14550,0,8936
2022-07-17,0,14556,0,8939
2022-07-18,0,14565,0,8942
2022-07-19,0,14573,0,8953
2022-07-20,0,14582,0,8965
2022-07-21,0,14596,0,8973
2022-07-22,0,14604,0,8980
2022-07-23,0,14609,0,8984
2022-07-24,0,14615,0,8987
2022-07-25,0,14626,0,8994
2022-07-26,0,14635,0,8996
2022-07-27,0,14645,0,9000
2022-07-28,0,14657,0,9004
2022-07-29,0,14665,0,9008
2022-07-30,0,14671,0,9012
2022-07-31,0,14679,0,9023
2022-08-01,0,14685,0,9027
2022-08-02,0,14697,0,9033
2022-08-03,0,14708,0,9041
2022-08-04,0,14718,0,9046
2022-08-05,0,14729,0,9052
2022-08-06,0,14735,0,9056
2022-08-07,0,14742,0,9064
2022-08-08,0,14749,0,9070
2022-08-09,0,14757,0,9079
2022-08-10,0,14763,0,9087
2022-08-11,0,14771,0,9095
2022-08-12,0,14805,0,9102
2022-08-13,0,14812,0,9107
2022-08-14,0,14820,0,9109
2022-08-15,0,14829,0,9113
2022-08-16,0,14842,0,9119
2022-08-17,0,14851,0,9129
2022-08-18,0,14864,0,9134
2022-08-19,0,14875,0,9144
2022-08-20,0,14876,0,9147
2022-08-21,0,14883,0,9159
2022-08-22,0,14897,0,9168
2022-08-23,0,14907,0,9173
2022-08-24,0,14913,0,9185
2022-08-25,0,14922,0,9193
2022-08-26,0,14930,0,9198
2022-08-27,0,14933,0,9208
2022-08-28,0,14940,0,9215
2022-08-29,0,14952,0,9223
2022-08-30,0,14964,0,9234
2022-08-31,0,14972,0,9240
2022-09-01,0,14984,0,9249
2022-09-02,0,14993,0,9252
2022-09-03,0,14999,0,9255
2022-09-04,0,15004,0,9262
2022-09-05,0,15020,0,9268
2022-09-06,0,15032,0,9277
2022-09-07,0,15036,0,9286
2022-09-08,0,15043,0,9291
2022-09-09,0,15054,0,9298
2022-09-10,0,15057,0,9303
2022-09-11,0,15064,0,9311
2022-09-12,0,15073,0,9317
2022-09-13,0,15078,0,9320
2022-09-14,0,15084,0,9331
2022-09-15,0,15092,0,9338
2022-09-16,0,15102,0,9341
2022-09-17,0,15120,0,9350
2022-09-18,0,15124,0,9359
2022-09-19,0,15137,0,9366
2022-09-20,0,15144,0,9373
2022-09-21,0,15152,0,9379
2022-09-22,0,15160,0,9389
2022-09-23,0,15171,0,9393
2022-09-24,0,15177,0,9400
2022-09-25,0,15185,0,9407
2022-09-26,0,15195,0,9412
2022-09-27,0,15205,0,9418
2022-09-28,0,15214,0,9423
2022-09-29,0,15220,0,9428
2022-09-30,0,15229,0,9433
2022-10-01,0,15234,0,9435
2022-10-02,0,15242,0,9442
2022-10-03,0,15250,0,9448
2022-10-04,0,15258,0,9450
2022-10-05,0,15264,0,9456
2022-10-06,0,15272,0,9460
2022-10-07,0,15279,0,9465
2022-10-08,0,15281,0,9470
2022-10-09,0,15282,0,9476
2022-10-10,0,15288,0,9483
2022-10-11,0,15299,0,9491
2022-10-12,0,15306,0,9498
2022-10-13,0,15312,0,9504
2022-10-14,0,15319,0,9508
2022-10-15,0,15322,0,9513
2022-10-16,0,15329,0,9519
2022-10-17,0,15331,0,9525
2022-10-18,0,15337,0,9531
2022-10-19,0,15347,0,9537
2022-10-20,0,15351,0,9545
2022-10-21,0,15360,0,9550
2022-10-22,0,15366,0,9559
2022-10-23,0,15374,0,9567
2022-10-24,0,15388,0,9570
2022-10-25,0,15425,0,9576
2022-10-26,0,15468,0,9581
2022-10-27,0,15491,0,9582
2022-10-28,0,15495,0,21630
2022-10-29,0,15511,0,9594
2022-10-30,0,15521,0,9596
2022-10-31,0,15528,0,9607
2022-11-01,0,15543,0,9612
2022-11-02,0,15557,0,9617
2022-11-03,0,15570,0,9620
2022-11-04,0,15578,0,9625
2022-11-05,0,15586,0,9632
2022-11-06,0,15593,0,9636
2022-11-07,0,15602,0,9648
2022-11-08,0,15609,0,9652
2022-11-09,0,15618,0,9657
2022-11-10,0,15625,0,9663
2022-11-11,0,15627,0,9673
2022-11-12,0,15633,0,9676
2022-11-13,0,15644,0,9686
2022-11-14,0,15651,0,9692
2022-11-15,0,15662,0,9701
2022-11-16,0,15672,0,9712
2022-11-17,0,15685,0,9715
2022-11-18,0,15691,0,9723
2022-11-19,0,15701,0,9730
2022-11-20,0,15703,0,9741
2022-11-21,0,15716,0,9747
2022-11-22,0,15724,0,9756
2022-11-23,0,15736,0,9762
2022-11-24,0,15742,0,9769
2022-11-25,0,15751,0,9777
2022-11-26,0,15757,0,9784
2022-11-27,0,15763,0,9789
2022-11-28,0,15771,0,9793
2022-11-29,0,15781,0,9802
2022-11-30,0,15789,0,9805
2022-12-01,0,15794,0,9816
2022-12-02,0,15796,0,9826
2022-12-03,0,15800,0,9833
2022-12-04,0,15804,0,9839
2022-12-05,0,15811,0,9846
2022-12-06,0,15817,0,9855
2022-12-07,0,15825,0,9866
2022-12-08,0,15832,0,9873
2022-12-09,0,15839,0,9878
2022-12-10,0,15847,0,9885
2022-12-11,0,15853,0,9887
2022-12-12,0,15862,0,9896
2022-12-13,0,15870,0,9906
2022-12-14,0,15875,0,9915
2022-12-15,0,15886,0,9923
2022-12-16,0,15893,0,9930
2022-12-17,0,15897,0,9935
2022-12-18,0,15900,0,9939
2022-12-19,0,15909,0,9947
2022-12-20,0,15913,0,9956
2022-12-21,0,15918,0,9964
2022-12-22,0,15922,0,9975
2022-12-23,0,15925,0,9987
2022-12-24,0,15927,0,9991
2022-12-25,0,15938,0,9996
2022-12-26,0,15945,0,10003
2022-12-27,0,15952,0,10014
2022-12-28,0,15964,0,10016
2022-12-29,0,15969,0,10023
2022-12-30,0,15974,0,10033
2022-12-31,0,15978,0,10037
2023-01-01,0,15982,0,10595
2023-01-02,0,15990,0,10602
2023-01-03,0,16000,0,10613
2023-01-04,0,16010,0,10625
2023-01-05,0,16017,0,10629
2023-01-06,0,16022,0,10641
2023-01-07,0,16027,0,10646
2023-01-08,0,16035,0,10658
2023-01-09,0,16044,0,10665
2023-01-10,0,16049,0,10671
2023-01-11,0,16053,0,10682
2023-01-12,0,16062,0,10687
2023-01-13,0,16072,0,10693
2023-01-14,0,16077,0,10700
2023-01-15,0,16083,0,10704
2023-01-16,0,16096,0,10710
2023-01-17,0,16103,0,10719
2023-01-18,0,16114,0,10723
2023-01-19,0,16119,0,10729
2023-01-20,0,16125,0,10735
2023-01-21,0,16133,0,10738
2023-01-22,0,16139,0,10744
2023-01-23,0,16145,0,10752
2023-01-24,0,16156,0,10762
2023-01-25,0,16170,0,10769
2023-01-26,0,16177,0,10775
2023-01-27,35,16190,0,10789
2023-01-28,41,16202,0,10793
2023-01-29,47,16208,0,10807
2023-01-30,130,16215,0,10824
2023-01-31,187,16229,0,10839
2023-02-01,209,16239,0,10848
2023-02-02,222,16251,0,10860
2023-02-03,347,16268,0,10867
2023-02-04,394,16278,0,10872
2023-02-05,446,16294,0,10881
2023-02-06,473,16302,0,10888
2023-02-07,486,16316,0,10893
2023-02-08,501,16324,0,10902
2023-02-09,504,16334,0,10910
2023-02-10,508,16338,0,10920
2023-02-11,510,16345,0,10928
2023-02-12,517,16354,0,10936
2023-02-13,528,16361,0,10943
2023-02-14,546,16374,0,10951
2023-02-15,588,16380,0,10962
2023-02-16,605,16384,0,10970
2023-02-17,628,16392,0,10979
2023-02-18,634,16397,0,10986
2023-02-19,644,16404,0,10990
2023-02-20,651,16415,0,11000
2023-02-21,660,16428,0,11008
2023-02-22,670,16439,0,11014
2023-02-23,745,16452,0,11018
2023-02-24,791,16460,0,11023
2023-02-25,896,16478,0,11031
2023-02-26,971,16488,0,11040
2023-02-27,1077,16499,0,11045
2023-02-28,1152,16506,0,11054
2023-03-01,1184,16516,0,11059
2023-03-02,1199,16527,0,11066
2023-03-03,1212,16536,0,11069
2023-03-04,1227,16541,0,11074
2023-03-05,1276,16552,0,11079
2023-03-06,1335,16564,0,11089
2023-03-07,1375,16577,0,11098
2023-03-08,1386,16585,0,11104
2023-03-09,1403,16601,0,11114
2023-03-10,1416,16609,0,11120
2023-03-11,1425,16612,0,11127
2023-03-12,1428,16617,0,11129
2023-03-13,1445,16621,0,11137
2023-03-14,1456,16628,0,11147
2023-03-15,1474,16640,0,11156
2023-03-16,1487,16646,0,11163
2023-03-17,1493,16657,0,11172
2023-03-18,1507,16661,0,11183
2023-03-19,1524,16667,0,11193
2023-03-20,1549,16675,0,11207
2023-03-21,1559,16682,0,11216
2023-03-22,1570,16693,0,11226
2023-03-23,1580,16707,0,11233
2023-03-24,1586,16716,0,11243
2023-03-25,1592,16721,0,11255
2023-03-26,1608,16724,0,11263
2023-03-27,1623,16729,0,11270
2023-03-28,1627,16739,0,11280
2023-03-29,1632,16748,0,11286
2023-03-30,1642,16759,0,11289
2023-03-31,1645,16769,0,11295
2023-04-01,1652,16776,0,11301
2023-04-02,1655,16780,0,11306
2023-04-03,1661,16789,0,11312
2023-04-04,1666,16801,0,11321
2023-04-05,1674,16809,0,11332
2023-04-06,1680,16818,0,11333
2023-04-07,1685,16828,0,11340
2023-04-08,1691,16837,0,11344
2023-04-09,1691,16842,0,11349
2023-04-10,1697,16847,0,11358
2023-04-11,1706,16858,0,11369
2023-04-12,1709,16868,0,11377
2023-04-13,1714,16876,0,11388
2023-04-14,1719,16886,0,11393
2023-04-15,1723,16892,0,11402
2023-04-16,1729,16895,0,11417
2023-04-17,1751,16900,0,11424
2023-04-18,1759,16906,0,11434
2023-04-19,1772,16919,0,11446
2023-04-20,1780,16924,0,11450
2023-04-21,1791,16928,0,11455
2023-04-22,1806,16931,0,11463
2023-04-23,1828,16939,0,11470
2023-04-24,1845,16951,0,11478
2023-04-25,1855,16963,0,11487
2023-04-26,1864,16973,0,11499
2023-04-27,1869,16984,0,11509
2023-04-28,1880,16992,0,11516
2023-04-29,1881,17000,0,11518
2023-04-30,1885,17007,0,11523
2023-05-01,1894,17015,0,11531
2023-05-02,1909,17021,0,11537
2023-05-03,1911,17027,0,11544
2023-05-04,1918,17033,0,11550
2023-05-05,1926,17042,0,11560
2023-05-06,1933,17047,0,11570
2023-05-07,1936,17053,0,11577
2023-05-08,1951,17060,0,11583
2023-05-09,1957,17065,0,11592
2023-05-10,1970,17075,0,11599
2023-05-11,1988,17080,0,11605
2023-05-12,1993,17090,0,11613
2023-05-13,1997,17093,0,11619
2023-05-14,1998,17102,0,11626
2023-05-15,2006,17111,0,11632
2023-05-16,2012,17126,0,11637
2023-05-17,2015,17141,0,11640
2023-05-18,2016,17147,0,11644
2023-05-19,2029,17154,0,11648
2023-05-20,2031,17161,0,11654
2023-05-21,2038,17170,0,11662
2023-05-22,2045,17177,0,11672
2023-05-23,2056,17182,0,11684
2023-05-24,2059,17190,0,11691
2023-05-25,2069,17204,0,11701
2023-05-26,2080,17209,0,11711
2023-05-27,2088,17211,0,11716
2023-05-28,2096,17218,0,11722
2023-05-29,2106,17223,0,11727
2023-05-30,2114,17233,0,11733
2023-05-31,2123,17241,0,11742
2023-06-01,2133,17252,0,11747
2023-06-02,2150,17260,0,11757
2023-06-03,2156,17264,0,11767
2023-06-04,2164,17273,0,11772
2023-06-05,2168,17279,0,11773
2023-06-06,2172,17285,0,11784
2023-06-07,2178,17293,0,11789
2023-06-08,2186,17300,0,11797
2023-06-09,2188,17307,0,11805
2023-06-10,2195,17312,0,11811
2023-06-11,2201,17314,0,11817
2023-06-12,2207,17325,0,11825
2023-06-13,2214,17337,0,11830
2023-06-14,2223,17342,0,11838
2023-06-15,2226,17349,0,11843
2023-06-16,2233,17364,0,11850
2023-06-17,2242,17368,0,11862
2023-06-18,2248,17375,0,11878
2023-06-19,2254,17384,0,11895
2023-06-20,2259,17400,0,11907
2023-06-21,2267,17409,0,11917
2023-06-22,2276,17417,0,11926
2023-06-23,2282,17423,0,11937
2023-06-24,2287,17430,0,11943
2023-06-25,2293,17439,0,11950
2023-06-26,2302,17449,0,11957
2023-06-27,2308,17461,0,11968
2023-06-28,2319,17473,0,11972
2023-06-29,2329,17483,0,11982
2023-06-30,2340,17494,0,11993
2023-07-01,2345,17500,0,11996
2023-07-02,2347,17502,0,12003
2023-07-03,2352,17513,0,12015
2023-07-04,2358,17523,0,12024
2023-07-05,2373,17532,0,12033
2023-07-06,2380,17537,0,12040
2023-07-07,2385,17547,0,12048
2023-07-08,2390,17553,0,12053
2023-07-09,2390,17559,0,12061
2023-07-10,2399,17567,0,12069
2023-07-11,2407,17576,0,12076
2023-07-12,2412,17587,0,12093
2023-07-13,2421,17596,0,12102
2023-07-14,2433,17605,0,12112
2023-07-15,2435,17610,0,12120
2023-07-16,2440,17612,0,12128
2023-07-17,2445,17619,0,12136
2023-07-18,2448,17629,0,12142
2023-07-19,2456,17637,0,12155
2023-07-20,2468,17651,0,12174
2023-07-21,2483,17661,0,12180
2023-07-22,2489,17668,0,12186
2023-07-23,2491,17677,0,12188
2023-07-24,2495,17689,0,12199
2023-07-25,2499,17698,0,12204
2023-07-26,2502,17701,0,12212
2023-07-27,2511,17707,0,12228
2023-07-28,2514,17713,0,12234
2023-07-29,2519,17721,0,12248
2023-07-30,2540,17730,0,12256
2023-07-31,2557,17738,0,12268
2023-08-01,2577,17743,0,12278
2023-08-02,2593,17752,0,12290
2023-08-03,2609,17758,0,12293
2023-08-04,2614,17766,0,12299
2023-08-05,2623,17769,0,12305
2023-08-06,2625,17775,0,12312
2023-08-07,2629,17785,0,12324
2023-08-08,2633,17793,0,12333
2023-08-09,2641,17803,0,12343
2023-08-10,2647,17816,0,12351
2023-08-11,2653,17829,0,12362
2023-08-12,2656,17836,0,12366
2023-08-13,2660,17841,0,12375
2023-08-14,2664,17852,0,12380
2023-08-15,2671,17863,0,12392
2023-08-16,2673,17873,0,12402
2023-08-17,2678,17883,0,12409
2023-08-18,2687,17891,0,12419
2023-08-19,2698,17901,0,12427
2023-08-20,2714,17907,0,12437
2023-08-21,2730,17916,0,12444
2023-08-22,2743,17932,0,12448
2023-08-23,2758,17940,0,12459
2023-08-24,2767,17947,0,12468
2023-08-25,2769,17952,0,12475
2023-08-26,2772,17958,0,12482
2023-08-27,2778,17960,0,12492
2023-08-28,2785,17967,0,12505
2023-08-29,2793,17979,0,12514
2023-08-30,2799,17992,0,12524
2023-08-31,2805,18003,0,12531
2023-09-01,2811,18006,0,12537
2023-09-02,2817,18012,0,12540
2023-09-03,2820,18020,0,12545
2023-09-04,2831,18041,0,12553
2023-09-05,2841,18050,0,12561
2023-09-06,2850,18062,0,12566
2023-09-07,2853,18070,0,12574
2023-09-08,2858,18083,0,12581
2023-09-09,2860,18092,0,12591
2023-09-10,2865,18099,0,12607
2023-09-11,2873,18111,0,12619
2023-09-12,2889,18122,0,12628
2023-09-13,2893,18132,0,12636
2023-09-14,2899,18149,0,12646
2023-09-15,2907,18162,0,12652
2023-09-16,2911,18169,0,12654
2023-09-17,2918,18179,0,12657
2023-09-18,2926,18188,0,12663
2023-09-19,2934,18201,0,12677
2023-09-20,2946,18222,0,12689
2023-09-21,2959,18230,0,12704
2023-09-22,2965,18236,0,12714
2023-09-23,2967,18241,0,12722
2023-09-24,2970,18247,0,12726
2023-09-25,2979,18253,0,12732
2023-09-26,2986,18265,0,12744
2023-09-27,2993,18274,0,12748
2023-09-28,3001,18282,0,12754
2023-09-29,3005,18292,0,12759
2023-09-30,3009,18300,0,12766
2023-10-01,3014,18310,0,12776
2023-10-02,3021,18319,0,12785
2023-10-03,3027,18330,0,12792
2023-10-04,3031,18341,0,12801
2023-10-05,3039,18350,0,12807
2023-10-06,3049,18361,0,12812
2023-10-07,3055,18374,0,12823
2023-10-08,3068,18382,0,12828
2023-10-09,3082,18390,0,12837
2023-10-10,3095,18397,0,12849
2023-10-11,3115,18408,0,12858
2023-10-12,3124,18416,0,12861
2023-10-13,3137,18422,0,12867
2023-10-14,3149,18432,0,12875
2023-10-15,3156,18434,0,12888
2023-10-16,3167,18445,0,12904
2023-10-17,3170,18454,0,12908
2023-10-18,3180,18462,0,12922
2023-10-19,3184,18471,0,12926
2023-10-20,3194,18478,0,12933
2023-10-21,3197,18482,0,12941
2023-10-22,3205,18486,0,12949
2023-10-23,3212,18492,0,12962
2023-10-24,3221,18500,0,12967
2023-10-25,3228,18505,0,12977
2023-10-26,3235,18511,0,12986
2023-10-27,3238,18516,0,12989
2023-10-28,3239,18525,0,12997
2023-10-29,3245,18532,0,13011
2023-10-30,3248,18539,0,13016
2023-10-31,3257,18551,0,13028
2023-11-01,3258,18561,0,13037
2023-11-02,3261,18577,0,13043
2023-11-03,3266,18585,0,13048
2023-11-04,3271,18592,0,13056
2023-11-05,3277,18603,0,13067
2023-11-06,3279,18618,0,13075
2023-11-07,3283,18629,0,13086
2023-11-08,3291,18635,0,13092
2023-11-09,3297,18646,0,13101
2023-11-10,3305,18655,0,13108
2023-11-11,3309,18661,0,13124
2023-11-12,3310,18662,0,13135
2023-11-13,3315,18668,0,13146
2023-11-14,3318,18681,0,13157
2023-11-15,3321,18691,0,13169
2023-11-16,3324,18701,0,13178
2023-11-17,3327,18709,0,13194
2023-11-18,3331,18717,0,13203
2023-11-19,3334,18723,0,13214
2023-11-20,3339,18733,0,13224
2023-11-21,3349,18745,0,13230
2023-11-22,3357,18754,0,13238
2023-11-23,3367,18763,0,13249
2023-11-24,3374,18778,0,13262
2023-11-25,3377,18783,0,13271
2023-11-26,3381,18788,0,13280
2023-11-27,3390,18803,0,13293
2023-11-28,3396,18813,0,13307
2023-11-29,3404,18821,0,13316
2023-11-30,3412,18833,0,13327
2023-12-01,3416,18841,0,13334
2023-12-02,3423,18844,0,13347
2023-12-03,3427,18852,0,13356
2023-12-04,3435,18860,0,13365
2023-12-05,3441,18870,0,13371
2023-12-06,3453,18884,0,13380
2023-12-07,3460,18899,0,13393
2023-12-08,3468,18908,0,13401
2023-12-09,3474,18913,0,13405
2023-12-10,3484,18921,0,13408
2023-12-11,3496,18931,0,13421
2023-12-12,3504,18941,0,13434
2023-12-13,3512,18956,0,13440
2023-12-14,3521,18967,0,13450
2023-12-15,3534,18974,0,13456
2023-12-16,3544,18980,0,13462
2023-12-17,3551,18986,0,13470
2023-12-18,3563,18994,0,13475
2023-12-19,3574,19001,0,13482
2023-12-20,3588,19007,0,13489
2023-12-21,3600,19010,0,13497
2023-12-22,3694,19014,0,13509
2023-12-23,3732,19019,0,13515
2023-12-24,3752,19023,0,13523
2023-12-25,3771,19027,0,13528
2023-12-26,3792,19034,0,13542
2023-12-27,3816,19050,0,13553
2023-12-28,3835,19055,0,13557
2023-12-29,3850,19061,0,13558
2023-12-30,3864,19066,0,13567
2023-12-31,3887,19071,0,13571
2024-01-01,3914,19081,0,13577
2024-01-02,3938,19090,0,13587
2024-01-03,3969,19096,0,13593
2024-01-04,4009,19103,0,13600
2024-01-05,4114,19112,0,13609
2024-01-06,4152,19125,0,13618
2024-01-07,4193,19129,0,13628
2024-01-08,4252,19141,0,13648
2024-01-09,4296,19152,0,13663
2024-01-10,4359,19160,0,13671
2024-01-11,4391,19171,0,13687
2024-01-12,4407,19185,0,13696
2024-01-13,4417,19192,0,13707
2024-01-14,4434,19201,0,13721
2024-01-15,4453,19208,0,13730
2024-01-16,4484,19217,0,13751
2024-01-17,4510,19227,0,13759
2024-01-18,4523,19243,0,13773
2024-01-19,4547,19248,0,13784
2024-01-20,4556,19259,0,13792
2024-01-21,4566,19270,0,13798
2024-01-22,4586,19278,0,13809
2024-01-23,4600,19287,0,13817
2024-01-24,4615,19297,0,13823
2024-01-25,4631,19307,0,13836
2024-01-26,4646,19316,0,13846
2024-01-27,4664,19321,0,13851
2024-01-28,4676,19326,0,13858
2024-01-29,4692,19337,0,13873
2024-01-30,4708,19349,0,13885
2024-01-31,4720,19360,0,13895
2024-02-01,4737,19373,0,13904
2024-02-02,4752,19386,0,13908
2024-02-03,4759,19393,0,13919
2024-02-04,4770,19400,0,13925
2024-02-05,4780,19406,0,13935
2024-02-06,4793,19419,0,13940
2024-02-07,4808,19430,0,13950
2024-02-08,4825,19442,0,13961
2024-02-09,4835,19452,0,13971
2024-02-10,4845,19458,0,13983
2024-02-11,4859,19464,0,13994
2024-02-12,4868,19475,0,14007
2024-02-13,4882,19486,0,14019
2024-02-14,4902,19497,0,14031
2024-02-15,4915,19508,0,14074
2024-02-16,4926,19515,0,14125
2024-02-17,4936,19523,0,14134
2024-02-18,4938,19536,0,14144
2024-02-19,4954,19542,0,14160
2024-02-20,4959,19551,0,14172
2024-02-21,4969,19561,0,14191
2024-02-22,4974,19565,0,14200
2024-02-23,4989,19573,0,14219
2024-02-24,4998,19581,0,14238
2024-02-25,5009,19587,0,14265
2024-02-26,5018,19604,0,14293
2024-02-27,5027,19611,0,14320
2024-02-28,5040,19624,0,14352
2024-02-29,5061,19647,0,14393
2024-03-01,5078,19668,0,14406
2024-03-02,5089,19678,0,14421
2024-03-03,5093,19687,0,14467
2024-03-04,5098,19707,0,14514
2024-03-05,5108,19722,0,14534
2024-03-06,5115,19731,0,14546
2024-03-07,5128,19749,0,14562
2024-03-08,5141,19763,0,14571
2024-03-09,5149,19771,0,14581
2024-03-10,5156,19782,0,14594
2024-03-11,5174,19794,0,14614
2024-03-12,5190,19806,0,14632
2024-03-13,5225,19820,0,14650
2024-03-14,5258,19833,0,14663
2024-03-15,5273,19840,0,14679
2024-03-16,5280,19845,0,14694
2024-03-17,5287,19854,0,14709
2024-03-18,5299,19865,0,14730
2024-03-19,5310,19877,0,14748
2024-03-20,5319,19888,0,14758
2024-03-21,5347,19903,0,14775
2024-03-22,5369,19915,0,14785
2024-03-23,5373,19920,0,14801
2024-03-24,5382,19931,0,14817
2024-03-25,5414,19954,0,14828
2024-03-26,5437,19968,0,14839
2024-03-27,5464,19981,0,14854
2024-03-28,5476,19995,0,14868
2024-03-29,5492,20006,0,14883
2024-03-30,5504,20018,0,14892
2024-03-31,5513,20021,0,14906
2024-04-01,5521,20027,0,14938
2024-04-02,5536,20038,0,14962
2024-04-03,5566,20055,0,14981
2024-04-04,5602,20066,0,14992
2024-04-05,5625,20074,0,15011
2024-04-06,5648,20083,0,15020
2024-04-07,5671,20088,0,15028
2024-04-08,5689,20105,0,15037
2024-04-09,5709,20115,0,15051
2024-04-10,5718,20121,0,15060
2024-04-11,5732,20127,0,15071
2024-04-12,5755,20140,0,15085
2024-04-13,5762,20145,0,15099
2024-04-14,5768,20150,0,15109
2024-04-15,5780,20155,0,15124
2024-04-16,5785,20160,0,15132
2024-04-17,5811,20174,0,15139
2024-04-18,5831,20181,0,15151
2024-04-19,5838,20187,0,15159
2024-04-20,5849,20194,0,15169
2024-04-21,5861,20201,0,15181
2024-04-22,5886,20211,0,15192
2024-04-23,5906,20218,0,15202
2024-04-24,5917,20228,0,15211
2024-04-25,5924,20243,0,15222
2024-04-26,5931,20256,0,15239
2024-04-27,5936,20258,0,15252
2024-04-28,6306,20291,0,15269
2024-04-29,6429,20309,0,15277
2024-04-30,6503,20320,0,15296
2024-05-01,6537,20327,0,15311
2024-05-02,6568,20340,0,15327
2024-05-03,6586,20346,0,15343
2024-05-04,6598,20356,0,15355
2024-05-05,6616,20363,0,15367
2024-05-06,6631,20375,0,15376
2024-05-07,6656,20387,0,15389
2024-05-08,6666,20391,0,15407
2024-05-09,6675,20403,0,15426
2024-05-10,6687,20411,0,15435
2024-05-11,6699,20414,0,15444
2024-05-12,6707,20420,0,15458
2024-05-13,6721,20424,0,15475
2024-05-14,6733,20434,0,15486
2024-05-15,6754,20442,0,15496
2024-05-16,6776,20450,0,15509
2024-05-17,6791,20465,0,15519
2024-05-18,6803,20482,0,15530
2024-05-19,6815,20490,0,15542
2024-05-20,6821,20497,0,15554
2024-05-21,6837,20505,0,15563
2024-05-22,6850,20516,0,15580
2024-05-23,6860,20542,0,15587
2024-05-24,6872,20549,0,15596
2024-05-25,6888,20556,0,15609
2024-05-26,6911,20567,0,15621
2024-05-27,6924,20575,0,15627
2024-05-28,6936,20591,0,15639
2024-05-29,6941,20595,0,15647
2024-05-30,6957,20601,0,15658
2024-05-31,6974,20607,0,15671
2024-06-01,6983,20611,0,15683
2024-06-02,6988,20618,0,15697
2024-06-03,6999,20625,0,15712
2024-06-04,7017,20632,0,15726
2024-06-05,7032,20641,0,15737
2024-06-06,7071,20648,0,15752
2024-06-07,7121,20661,0,15768
2024-06-08,7199,20674,0,15775
2024-06-09,7242,20683,0,15792
2024-06-10,7281,20694,0,15800
2024-06-11,7315,20707,0,15809
2024-06-12,7415,20720,0,15828
2024-06-13,7460,20732,0,15845
2024-06-14,7512,20743,0,15862
2024-06-15,7533,20746,0,15868
2024-06-16,7554,20750,0,15879
2024-06-17,7588,20763,0,15889
2024-06-18,7612,20773,0,15899
2024-06-19,7631,20787,0,15916
2024-06-20,7648,20800,0,15924
2024-06-21,7671,20807,0,15937
2024-06-22,7687,20811,0,15948
2024-06-23,7702,20813,0,15959
2024-06-24,7721,20815,0,15978
2024-06-25,7749,20826,0,15989
2024-06-26,7793,20838,0,15996
2024-06-27,7814,20846,0,16003
2024-06-28,7824,20855,0,16010
2024-06-29,7835,20862,0,16020
2024-06-30,7850,20866,0,16032
2024-07-01,7862,20878,0,16040
2024-07-02,7888,20886,0,16055
2024-07-03,7904,20896,0,16063
2024-07-04,7921,20906,0,16075
2024-07-05,7938,20916,0,16085
2024-07-06,7953,20923,0,16094
2024-07-07,7961,20927,0,16097
2024-07-08,7993,20936,0,16111
2024-07-09,8007,20940,0,16126
2024-07-10,8026,20951,0,16132
2024-07-11,8040,20961,0,16145
2024-07-12,8054,20967,0,16155
2024-07-13,8063,20973,0,16165
2024-07-14,8103,20982,0,16179
2024-07-15,8130,20991,0,16194
2024-07-16,8159,20998,0,16202
2024-07-17,8184,21006,0,16213
2024-07-18,8199,21013,0,16235
2024-07-19,8211,21017,0,16257
2024-07-20,8224,21024,0,16262
2024-07-21,8228,21027,0,16270
2024-07-22,8239,21036,0,16284
2024-07-23,8255,21042,0,16289
2024-07-24,8269,21051,0,16302
2024-07-25,8279,21054,0,16318
2024-07-26,8290,21062,0,16329
2024-07-27,8303,21067,0,16348
2024-07-28,8336,21072,0,16358
2024-07-29,8364,21079,0,16375
2024-07-30,8388,21085,0,16390
2024-07-31,8411,21095,0,16396
2024-08-01,8426,21108,0,16403
2024-08-02,8442,21117,0,16421
2024-08-03,8448,21121,0,16431
2024-08-04,8459,21124,0,16445
2024-08-05,8470,21135,0,16461
2024-08-06,8485,21144,0,16472
2024-08-07,8499,21153,0,16486
2024-08-08,8503,21158,0,16498
2024-08-09,8510,21170,0,16502
2024-08-10,8518,21173,0,16511
2024-08-11,8527,21176,0,16523
2024-08-12,8539,21186,0,16532
2024-08-13,8551,21194,0,16542
2024-08-14,8558,21203,0,16553
2024-08-15,8566,21210,0,16561
2024-08-16,8580,21218,0,16573
2024-08-17,8589,21224,0,16581
2024-08-18,8608,21234,0,16598
2024-08-19,8621,21241,0,16617
2024-08-20,8641,21249,0,16629
2024-08-21,8658,21258,0,16650
2024-08-22,8671,21268,0,16676
2024-08-23,8680,21278,0,16704
2024-08-24,8688,21280,0,16718
2024-08-25,8699,21283,0,16732
2024-08-26,8712,21298,0,16753
2024-08-27,8725,21305,0,16769
2024-08-28,8734,21311,0,16784
2024-08-29,8752,21321,0,16796
2024-08-30,8769,21332,0,16803
2024-08-31,8776,21339,0,16812
2024-09-01,8783,21346,0,16828
2024-09-02,8796,21355,0,16838
2024-09-03,8809,21362,0,16854
2024-09-04,8824,21378,0,16867
2024-09-05,8840,21387,0,16894
2024-09-06,8848,21391,0,16903
2024-09-07,8857,21394,0,16921
2024-09-08,8867,21400,0,16933
2024-09-09,8881,21412,0,16947
2024-09-10,8891,21419,0,16961
2024-09-11,8907,21427,0,16974
2024-09-12,8926,21434,0,16987
2024-09-13,8943,21442,0,17000
2024-09-14,8961,21451,0,17012
2024-09-15,8976,21455,0,17020
2024-09-16,8987,21470,0,17030
2024-09-17,9000,21478,0,17045
2024-09-18,9018,21494,0,17063
2024-09-19,9035,21500,0,17072
2024-09-20,9044,21505,0,17083
2024-09-21,9063,21512,0,17099
2024-09-22,9079,21518,0,17108
2024-09-23,9094,21524,0,17115
2024-09-24,9111,21540,0,17129
2024-09-25,9131,21550,0,17140
2024-09-26,9149,21562,0,17154
2024-09-27,9166,21568,0,17167
2024-09-28,9180,21572,0,17179
2024-09-29,9203,21579,0,17197
2024-09-30,9214,21589,0,17201
2024-10-01,9228,21592,0,17208
2024-10-02,9242,21605,0,17223
2024-10-03,9254,21608,0,17234
2024-10-04,9261,21613,0,17250
2024-10-05,9270,21617,0,17264
2024-10-06,9280,21621,0,17272
2024-10-07,9293,21631,0,17289
2024-10-08,9308,21642,0,17304
2024-10-09,9326,21650,0,17318
2024-10-10,9343,21664,0,17332
2024-10-11,9372,21671,0,17349
2024-10-12,9380,21681,0,17366
2024-10-13,9385,21689,0,17382
2024-10-14,9401,21696,0,17405
2024-10-15,9427,21704,0,17424
2024-10-16,9439,21711,0,17442
2024-10-17,9459,21717,0,17459
2024-10-18,9476,21724,0,17480
2024-10-19,9491,21730,0,17498
2024-10-20,9510,21732,0,17515
2024-10-21,9535,21738,0,17545
2024-10-22,9570,21746,0,17559
2024-10-23,9601,21758,0,17568
2024-10-24,9630,21773,0,17579
2024-10-25,9656,21782,0,17596
2024-10-26,9671,21787,0,17603
2024-10-27,9683,21796,0,17614
2024-10-28,9706,21807,0,17631
2024-10-29,9729,21810,0,17642
2024-10-30,9751,21812,0,17652
2024-10-31,9769,21820,0,17672
2024-11-01,9780,21825,0,17689
2024-11-02,9787,21832,0,17698
2024-11-03,9801,21841,0,17709
2024-11-04,9812,21852,0,17721
2024-11-05,9836,21857,0,17733
2024-11-06,9848,21869,0,17745
2024-11-07,9864,21875,0,17757
2024-11-08,9876,21880,0,17767
2024-11-09,9886,21881,0,17780
2024-11-10,9893,21885,0,17791
2024-11-11,9904,21894,0,17805
2024-11-12,9925,21911,0,17814
2024-11-13,9953,21919,0,17829
2024-11-14,9982,21928,0,17846
2024-11-15,10006,21940,0,17861
2024-11-16,10017,21946,0,17877
2024-11-17,10026,21953,0,17890
2024-11-18,10044,21961,0,17903
2024-11-19,10055,21969,0,17918
2024-11-20,10067,21975,0,17942
2024-11-21,10089,21985,0,17955
2024-11-22,10103,21989,0,17970
2024-11-23,10116,21995,0,17980
2024-11-24,10129,22003,0,17994
2024-11-25,10148,22011,0,18008
2024-11-26,10169,22015,0,18017
2024-11-27,10217,22021,0,18029
2024-11-28,10244,22027,0,18042
2024-11-29,10254,22031,0,18056
2024-11-30,10267,22034,0,18068
2024-12-01,10277,22038,0,18074
2024-12-02,10316,22045,0,18083
2024-12-03,10339,22053,0,18091
2024-12-04,10378,22064,0,18104
2024-12-05,10405,22070,0,18115
2024-12-06,10431,22076,0,18132
2024-12-07,10451,22082,0,18141
2024-12-08,10730,22089,0,18144
2024-12-09,11359,22101,0,18159
2024-12-10,11580,22109,0,18169
2024-12-11,11640,22121,0,18186
2024-12-12,11684,22131,0,18202
2024-12-13,11733,22143,0,18216
2024-12-14,11768,22147,0,18222
2024-12-15,11802,22151,0,18231
2024-12-16,11843,22159,0,18239
2024-12-17,11886,22166,0,18248
2024-12-18,11912,22182,0,18266
2024-12-19,11955,22187,0,18275
2024-12-20,11983,22194,0,18287
2024-12-21,11998,22198,0,18294
2024-12-22,12018,22200,0,18299
2024-12-23,12061,22205,0,18314
2024-12-24,12093,22213,0,18325
2024-12-25,12119,22219,0,18340
2024-12-26,12157,22231,0,18354
2024-12-27,12181,22240,0,18359
2024-12-28,12207,22246,0,18377
2024-12-29,12235,22251,0,18390
2024-12-30,12261,22267,0,18405
2024-12-31,12283,22277,0,18414
2025-01-01,12312,22281,0,18428
2025-01-02,12351,22297,0,18448
2025-01-03,12402,22309,0,18472
2025-01-04,12446,22316,0,18480
2025-01-05,12481,22320,0,18495
2025-01-06,12519,22328,0,18515
2025-01-07,12537,22338,0,18534
2025-01-08,12569,22347,0,18545
2025-01-09,12584,22363,0,18558
2025-01-10,12603,22372,0,18573
2025-01-11,12615,22380,0,18589
2025-01-12,12632,22385,0,18599
2025-01-13,12648,22391,0,18614
2025-01-14,12675,22402,0,18623
2025-01-15,12693,22408,0,18634
2025-01-16,12721,22413,0,18656
2025-01-17,12741,22419,0,18669
2025-01-18,12758,22423,0,18682
2025-01-19,12778,22425,0,18697
2025-01-20,12813,22435,0,18718
2025-01-21,12830,22446,0,18732
2025-01-22,12842,22459,0,18744
2025-01-23,12863,22468,0,18751
2025-01-24,12878,22471,0,18769
2025-01-25,12890,22475,0,18776
2025-01-26,12910,22484,1,18790
2025-01-27,12941,22495,5,18798
2025-01-28,12958,22504,8,18824
2025-01-29,12990,22509,11,18838
2025-01-30,13007,22512,11,18851
2025-01-31,13028,22521,12,18864
2025-02-01,13046,22527,13,18874
2025-02-02,13055,22537,14,18882
2025-02-03,13072,22546,14,18891
2025-02-04,13090,22557,14,18902
2025-02-05,13116,22569,14,18913
2025-02-06,13149,22598,14,18925
2025-02-07,13181,22673,14,18935
2025-02-08,13206,22742,14,18950
2025-02-09,13225,22759,14,18961
2025-02-10,13247,22781,14,18975
2025-02-11,13279,22799,14,18986
2025-02-12,13314,22819,14,19006
2025-02-13,13335,22831,14,19019
2025-02-14,13355,22847,14,19031
2025-02-15,13370,22856,15,19043
2025-02-16,13383,22866,16,19057
2025-02-17,13409,22879,63,19070
2025-02-18,13419,22878,103,19082
2025-02-19,13439,22894,162,19091
2025-02-20,13478,22913,176,19104
2025-02-21,13522,22929,182,19120
2025-02-22,13540,22936,184,19139
2025-02-23,13563,22950,185,19150
2025-02-24,13587,22958,222,19168
2025-02-25,13620,22968,238,19177
2025-02-26,13651,22985,246,19186
2025-02-27,13665,22993,247,19194
2025-02-28,13690,23002,249,19209
2025-03-01,13705,23009,250,19222
2025-03-02,13723,23015,254,19236
2025-03-03,13749,23033,256,19255
2025-03-04,13782,23039,258,19272
2025-03-05,13805,23048,259,19285
2025-03-06,13825,23064,262,19295
2025-03-07,13861,23068,265,19304
2025-03-08,13941,23079,266,19315
2025-03-09,13969,23086,267,19328
2025-03-10,13982,23093,270,19341
2025-03-11,14012,23105,272,19352
2025-03-12,14038,23112,272,19363
2025-03-13,14068,23118,272,19376
2025-03-14,14090,23123,273,19392
2025-03-15,14098,23130,275,19410
2025-03-16,14116,23135,276,19430
2025-03-17,14132,23144,278,19447
2025-03-18,14157,23152,281,19460
2025-03-19,14181,23163,281,19471
2025-03-20,14197,23171,281,19479
2025-03-21,14218,23178,281,19491
2025-03-22,14237,23183,281,19504
2025-03-23,14251,23183,281,19525
2025-03-24,14263,23186,281,19540
2025-03-25,14285,23190,284,19550
2025-03-26,14309,23200,284,19564
2025-03-27,14326,23211,284,19571
2025-03-28,14336,23214,284,19586
2025-03-29,14352,23228,285,19592
2025-03-30,14361,23229,287,19599
2025-03-31,14380,23233,287,19613
2025-04-01,14398,23244,288,19625
2025-04-02,14427,23251,291,19637
2025-04-03,14453,23264,293,19648
2025-04-04,14479,23270,293,19659
2025-04-05,14497,23280,293,19667
2025-04-06,14516,23287,295,19677
2025-04-07,14534,23294,295,19689
2025-04-08,14553,23301,296,19703
2025-04-09,14574,23312,297,19711
2025-04-10,14594,23323,297,19731
2025-04-11,14612,23332,298,19738
2025-04-12,14623,23335,299,19750
2025-04-13,14655,23338,299,19760
2025-04-14,14676,23345,299,19774
2025-04-15,14697,23349,301,19785
2025-04-16,14726,23355,302,19800
2025-04-17,14754,23369,303,19816
2025-04-18,14786,23375,306,19821
2025-04-19,14802,23381,306,19833
2025-04-20,14812,23386,307,19846
2025-04-21,14832,23395,308,19857
2025-04-22,14852,23403,308,19869
2025-04-23,14876,23412,310,19883
2025-04-24,14895,23416,311,19899
2025-04-25,14913,23424,312,19912
2025-04-26,14932,23433,312,19927
2025-04-27,14945,23437,312,19938
2025-04-28,15104,23441,312,19955
2025-04-29,15150,23448,312,19974
2025-04-30,15178,23449,315,19987
2025-05-01,15205,23453,316,20003
2025-05-02,15221,23459,317,20017
2025-05-03,15234,23463,317,20031
2025-05-04,15248,23467,318,20041
2025-05-05,15257,23472,319,20056
2025-05-06,15276,23477,321,20071
2025-05-07,15297,23483,321,20080
2025-05-08,15315,23490,321,20097
2025-05-09,15333,23497,322,20120
2025-05-10,15349,23504,322,20138
2025-05-11,15355,23510,323,20154
2025-05-12,15369,23519,327,20169
2025-05-13,15398,23522,328,20181
2025-05-14,15424,23527,328,20191
2025-05-15,15446,23536,331,20203
2025-05-16,15468,23540,333,20215
2025-05-17,15500,23548,335,20232
2025-05-18,15512,23558,336,20247
2025-05-19,15525,23560,336,20259
2025-05-20,15551,23564,338,20267
2025-05-21,15574,23566,340,20275
2025-05-22,15590,23574,340,20291
2025-05-23,15623,23581,339,20305
2025-05-24,15642,23585,339,20324
2025-05-25,15660,23587,339,20337
2025-05-26,15675,23590,339,20361
2025-05-27,15701,23596,339,20367
2025-05-28,15726,23606,341,20380
2025-05-29,15745,23613,341,20390
2025-05-30,15772,23623,341,20403
2025-05-31,15796,23633,341,20415
2025-06-01,15807,23636,341,20430
2025-06-02,15821,23641,341,20446
2025-06-03,15844,23645,343,20460
2025-06-04,15857,23651,344,20483
2025-06-05,15875,23658,345,20502
2025-06-06,15896,23662,346,20518
2025-06-07,15914,23666,346,20526
2025-06-08,15933,23667,346,20535
2025-06-09,15949,23673,346,20558
2025-06-10,15962,23683,346,20570
2025-06-11,15978,23685,346,20581
2025-06-12,15999,23694,349,20586
2025-06-13,16025,23697,349,20595
2025-06-14,16034,23705,351,20603
2025-06-15,16049,23707,352,20615
2025-06-16,16069,23711,353,20619
2025-06-17,16087,23724,354,20633
2025-06-18,16223,23730,354,20637
2025-06-19,16285,23735,354,20646
2025-06-20,16321,23742,355,20653
2025-06-21,16340,23743,356,20661
2025-06-22,16355,23750,356,20673
2025-06-23,16375,23756,357,20691
2025-06-24,16391,23760,357,20700
2025-06-25,16412,23762,357,20709
2025-06-26,16429,23769,357,20717
2025-06-27,16492,23776,358,20729
2025-06-28,16534,23779,360,20737
2025-06-29,16584,23784,361,20746
2025-06-30,16850,23791,362,20759
2025-07-01,16959,23797,362,20768
2025-07-02,17023,23802,363,20777
2025-07-03,17069,23808,363,20785
2025-07-04,17106,23814,363,20793
2025-07-05,17140,23823,363,20807
2025-07-06,17164,23827,363,20817
2025-07-07,17198,23831,365,20830
2025-07-08,17241,23837,366,20843
2025-07-09,17283,23844,366,20852
2025-07-10,17313,23852,368,20862
2025-07-11,17341,23865,372,20873
2025-07-12,17360,23871,372,20883
2025-07-13,17391,23877,372,20890
2025-07-14,17410,23884,374,20905
2025-07-15,17466,23888,375,20919
2025-07-16,17511,23894,377,20930
2025-07-17,17553,23904,376,20941
2025-07-18,17594,23907,376,20955
2025-07-19,17611,23914,376,20971
2025-07-20,17657,23916,376,20983
2025-07-21,17701,23923,376,21005
2025-07-22,17728,23930,380,21018
2025-07-23,17767,23932,381,21031
2025-07-24,17789,23933,382,21044
2025-07-25,17811,23943,382,21058
2025-07-26,17837,23948,384,21070
2025-07-27,17858,23952,385,21087
2025-07-28,17876,23956,385,21096
2025-07-29,17909,23965,385,21102
2025-07-30,17928,23972,385,21114
2025-07-31,17947,23981,387,21124
2025-08-01,17968,23986,388,21131
2025-08-02,17989,23992,391,21139
2025-08-03,18013,23998,391,21157
2025-08-04,18034,24004,391,21168
2025-08-05,18059,24012,391,21181
2025-08-06,18090,24012,390,21204
2025-08-07,18123,24013,390,21222
2025-08-08,18151,24020,391,21239
2025-08-09,18170,24029,392,21251
2025-08-10,18193,24031,392,21265
2025-08-11,18209,24040,392,21284
2025-08-12,18241,24048,393,21295
2025-08-13,18280,24053,395,21314
2025-08-14,18309,24058,395,21325
2025-08-15,18336,24062,397,21343
2025-08-16,18356,24065,398,21352
2025-08-17,18366,24070,397,21365
2025-08-18,18395,24077,397,21379
2025-08-19,18416,24081,397,21393
2025-08-20,18441,24085,399,21408
2025-08-21,18462,24088,400,21420
2025-08-22,18477,24095,399,21436
2025-08-23,18495,24104,400,21453
2025-08-24,18509,24111,400,21463
2025-08-25,18519,24117,400,21473
2025-08-26,18544,24124,401,21481
2025-08-27,18572,24128,402,21491
2025-08-28,18603,24139,404,21505
2025-08-29,18625,24146,406,21519
2025-08-30,18648,24154,406,21531
2025-08-31,18666,24161,406,21541
2025-09-01,18677,24166,407,21551
2025-09-02,18703,24176,412,21560
2025-09-03,18804,24182,416,21572
2025-09-04,18848,24192,419,21581
2025-09-05,18897,24202,426,21593
2025-09-06,18950,24212,432,21597
2025-09-07,18977,24218,436,21611
2025-09-08,19019,24225,437,21621
2025-09-09,19056,24229,437,21631
2025-09-10,19127,24234,444,21638
2025-09-11,19163,24243,447,21651
2025-09-12,19194,24248,447,21660
2025-09-13,19218,24257,449,21674
2025-09-14,19246,24261,449,21683
2025-09-15,19265,24268,450,21698
2025-09-16,19293,24272,450,21706
2025-09-17,19306,24276,452,21716
2025-09-18,19329,24282,454,21729
2025-09-19,19352,24288,456,21745
2025-09-20,19379,24294,456,21758
2025-09-21,19408,24296,456,21770
2025-09-22,19436,24301,456,21777
2025-09-23,19470,24307,458,21793
2025-09-24,19490,24311,458,21802
2025-09-25,19516,24321,459,21814
2025-09-26,19550,24326,460,21823
2025-09-27,19575,24334,461,21829
2025-09-28,19595,24342,461,21836
2025-09-29,19623,24349,463,21848
2025-09-30,19634,24350,463,21857
2025-10-01,19650,24360,463,21868
2025-10-02,19670,24371,466,21880
2025-10-03,19702,24379,467,21890
2025-10-04,19712,24384,467,21899
2025-10-05,19728,24388,467,21913
2025-10-06,19742,24392,470,21928
2025-10-07,20057,24397,474,21944
2025-10-08,20168,24406,476,21959
2025-10-09,20226,24406,478,21975
2025-10-10,20303,24414,479,21988
2025-10-11,20341,24416,480,21995
2025-10-12,20371,24421,480,22004
2025-10-13,20391,24427,482,22017
2025-10-14,20429,24433,482,22033
2025-10-15,20471,24444,483,22049
2025-10-16,20504,24450,484,22069
2025-10-17,20549,24456,484,22074
2025-10-18,20577,24462,486,22082
2025-10-19,20596,24465,487,22096
2025-10-20,20616,24467,488,22112
2025-10-21,20636,24473,489,22120
2025-10-23,20751,24495,492,22145
2025-10-24,20761,24499,492,22155
2025-10-25,20779,24502,492,22169
2025-10-26,20799,24505,493,22182
2025-10-27,20819,24511,495,22192
2025-10-28,20899,24520,497,22199
2025-10-29,20951,24525,502,22214
2025-10-30,20984,24535,505,22222
2025-10-31,21014,24540,505,22233
2025-11-01,21029,24541,508,22244
2025-11-02,21050,24545,509,22259
2025-11-03,21076,24554,509,22281
2025-11-04,21107,24561,511,22295
2025-11-05,21155,24563,512,22310
2025-11-06,21176,24570,512,22321
2025-11-07,21202,24575,513,22334
2025-11-08,21221,24579,515,22344
2025-11-09,21243,24583,517,22356
2025-11-10,21258,24591,517,22365
2025-11-11,21279,24596,520,22380
2025-11-12,21295,24601,521,22389
2025-11-13,21318,24611,521,22403
2025-11-14,21363,24623,523,22416
2025-11-15,21387,24628,525,22425
2025-11-16,21403,24631,526,22433
2025-11-17,21427,24639,527,22448
2025-11-18,21455,24644,528,22459
2025-11-19,21477,24646,531,22472
2025-11-20,21503,24652,532,22489
2025-11-21,21517,24655,532,22489
2025-11-22,21556,24657,535,22503
2025-11-23,21574,24662,536,22510
2025-11-24,21601,24666,537,22522
2025-11-25,21632,24669,538,22534
2025-11-26,21678,24678,539,22545
2025-11-27,21710,24683,539,22560
2025-11-28,21726,24688,540,22566
2025-11-29,21746,24695,540,22574
2025-11-30,21774,24699,540,22595
2025-12-01,21794,24700,540,22602
2025-12-02,21821,24705,540,22607
2025-12-03,21845,24706,542,22616
2025-12-04,21871,24713,545,22627
2025-12-05,21901,24717,547,22638
2025-12-06,21931,24727,547,22642
2025-12-07,21951,24730,548,22651
2025-12-08,21973,24733,548,22669
2025-12-09,22010,24740,548,22677
2025-12-10,22031,24749,548,22693
2025-12-11,22056,24757,549,22717
